Date,Strategy,SPY_Benchmark
2020-02-04,1.0157740148414498,1.0152413380133385
2020-02-05,1.0289823009124024,1.0269654600281146
2020-02-06,1.034028755983008,1.0304209614451805
2020-02-07,1.0360114820702,1.0249288788387192
2020-02-10,1.0508728924484751,1.032580559680164
2020-02-11,1.051853290393042,1.0343701795142208
2020-02-12,1.0597558627925028,1.041034117963662
2020-02-13,1.0540387006387477,1.0399236676141246
2020-02-14,1.0615777066581567,1.0415897552558362
2020-02-18,1.0589369369824577,1.0389053255047511
2020-02-19,1.0735449760504574,1.0438725765951107
2020-02-20,1.0615002161729898,1.0395840828718648
2020-02-21,1.0450021788052783,1.0288784059958136
2020-02-24,1.002826015082088,0.9947551878369316
2020-02-25,0.9683522192836381,0.9646118904938114
2020-02-26,0.9663065915235233,0.9610640747778789
2020-02-27,0.9217499291959211,0.9179007522379005
2020-02-28,0.9212304543182332,0.9140443636144838
2020-03-02,0.970069865973227,0.9536281373982943
2020-03-03,0.9391750064787083,0.9263237108040284
2020-03-04,0.9912885918226249,0.9652599451142037
2020-03-05,0.9644601257506287,0.9331731020860144
2020-03-06,0.9531126889500116,0.9177467233575368
2020-03-09,0.9007654048789651,0.8460757974574827
2020-03-10,0.9432760649966053,0.8898557506656725
2020-03-11,0.9007348374960695,0.846476787693185
2020-03-12,0.8268406010572673,0.7654882478540015
2020-03-13,0.9037251494039629,0.8309270313163893
2020-03-16,0.7921316717907817,0.7400037832377837
2020-03-17,0.8386202961706894,0.7799581020839539
2020-03-18,0.8051460867968896,0.7404665910843343
2020-03-19,0.8039315306274243,0.7420401068538008
2020-03-20,0.7721712637998608,0.7100624749381103
2020-03-23,0.7438970006587081,0.6919074668667908
2020-03-24,0.8110160723157565,0.7545965514839729
2020-03-25,0.8156380965185782,0.7658928441170033
2020-03-26,0.8681188952092335,0.8106130947008707
2020-03-27,0.8391936220757663,0.7864684752851131
2020-03-30,0.8802192978124963,0.8120098121033111
2020-03-31,0.8759404399652272,0.7999064905606568
2020-04-01,0.8375989237635314,0.7639067473098005
2020-04-02,0.8607933040801555,0.7815340905578543
2020-04-03,0.8460084373685183,0.7702376948954723
2020-04-06,0.9050193633083693,0.8219717200915063
2020-04-07,0.892857362101374,0.8228096578065542
2020-04-08,0.9247159739826708,0.8504302299656331
2020-04-09,0.9252195339587352,0.863371592252687
2020-04-13,0.9240852089887555,0.8554887135466698
2020-04-14,0.9601707125558369,0.8807194168703555
2020-04-15,0.9544199472809592,0.8620055775969679
2020-04-16,0.9685918315455005,0.8661645634254868
2020-04-17,0.9774215412137388,0.8895641776011716
2020-04-20,0.9622176056289693,0.8738917647815179
2020-04-21,0.9288683795889712,0.8473578431917996
2020-04-22,0.9551019643375158,0.8661645634254866
2020-04-23,0.9610502804177211,0.8661024367265842
2020-04-24,0.9743036937325917,0.8781747979491387
2020-04-27,0.9861112290151195,0.8908363840324284
2020-04-28,0.9665953442301505,0.8867402461082721
2020-04-29,0.9912492125653376,0.9099536862459523
2020-04-30,0.9894940941717664,0.9014815826791998
2020-05-01,0.9717681150743035,0.8776161728057734
2020-05-04,0.979099722361711,0.8800368474172393
2020-05-05,0.9959049460419804,0.8881675117134066
2020-05-06,0.9962195668861916,0.8821468885341928
2020-05-07,0.994293425585638,0.8927914690048555
2020-05-08,1.0039552805377148,0.9075639204399102
2020-05-11,1.0216317668949237,0.9077501975072663
2020-05-12,1.009621674062647,0.889657213105498
2020-05-13,0.997103097843315,0.8739226735869418
2020-05-14,1.0139963967395305,0.884381595166357
2020-05-15,1.0260352210253987,0.8884469273144405
2020-05-18,1.0371241726764415,0.9155088228154785
2020-05-19,1.0307008344884994,0.9061054369412971
2020-05-20,1.0422678699137733,0.9214981250718624
2020-05-21,1.0379718152655428,0.9151361656514149
2020-05-22,1.042550720696185,0.916874579897819
2020-05-26,1.0381070108277117,0.9281706149574708
2020-05-27,1.0376523231302324,0.9419808752796723
2020-05-28,1.0409279729637937,0.9402432852680794
2020-05-29,1.0544579579310447,0.9444325617259137
2020-06-01,1.0600154718603616,0.9482495931370903
2020-06-02,1.0674389415152716,0.9561013569789807
2020-06-03,1.0755660444856296,0.9688252758198758
2020-06-04,1.0682086610086796,0.9662805538693076
2020-06-05,1.0946698724889914,0.991045925127333
2020-06-08,1.0978978840132807,1.0030254569042638
2020-06-09,1.1038135259119641,0.9955457320503285
2020-06-10,1.108864610150294,0.9899909045688562
2020-06-11,1.0413932803995511,0.9329188256467246
2020-06-12,1.057755956046296,0.9440915345727343
2020-06-15,1.0683070825668957,0.9529047683220176
2020-06-16,1.0840252253588532,0.971246053460693
2020-06-17,1.082056687726561,0.9672116301180335
2020-06-18,1.0793663517669194,0.9675840812233941
2020-06-19,1.0760753823335256,0.9620544959330183
2020-06-22,1.0886570161953961,0.9682261601414046
2020-06-23,1.098372809605597,0.9726836220009691
2020-06-24,1.0692748657956774,0.9478717845054561
2020-06-25,1.0889323174022654,0.9580333633766913
2020-06-26,1.0416567157827303,0.9352787129408566
2020-06-29,1.05648903723669,0.9490249920358304
2020-06-30,1.0757061790833984,0.9611818373265442
2020-07-01,1.0825496468586058,0.9679144963533785
2020-07-02,1.0849314468991003,0.9732449259074716
2020-07-06,1.1055333298875982,0.9882688719893271
2020-07-07,1.0938041314890812,0.9780761782539651
2020-07-08,1.1074434367757313,0.9855574485481716
2020-07-09,1.1036280656276165,0.9799464700701789
2020-07-10,1.1159728475899642,0.9899523715914278
2020-07-13,1.1075378740736126,0.9813804325831553
2020-07-14,1.1219339514943576,0.994098272692317
2020-07-15,1.1268350387481534,1.0032312065190372
2020-07-16,1.1183691046893274,0.9999271582485497
2020-07-17,1.1152872526202746,1.002825786021224
2020-07-20,1.130969671598296,1.010930280862132
2020-07-21,1.127191353181045,1.013081018572894
2020-07-22,1.1310810295794074,1.0188475713715215
2020-07-23,1.1103521907534046,1.0066909321395106
2020-07-24,1.1038114618974586,1.0002075011137463
2020-07-27,1.1109183118036678,1.0075013610177312
2020-07-28,1.1037977917166484,1.001111583672402
2020-07-29,1.1233668209152243,1.0134240032837505
2020-07-30,1.118789761913299,1.0098079821371821
2020-07-31,1.1320157848495769,1.0177878114628798
2020-08-03,1.144990942275955,1.0248634552005704
2020-08-04,1.1433917861433796,1.028822461057995
2020-08-05,1.1505060470311759,1.0352120323446214
2020-08-06,1.1671439077166026,1.0421321017616774
2020-08-07,1.1649244316569958,1.0428801978822926
2020-08-10,1.163092324081193,1.0459972478799642
2020-08-11,1.1508364026087512,1.0373630791434378
2020-08-12,1.1751854554352033,1.051826133436197
2020-08-13,1.1752675083367758,1.0499247267558562
2020-08-14,1.175988789575777,1.0499559446493345
2020-08-17,1.1850795048702938,1.0532914168720033
2020-08-18,1.1855425766091858,1.0555669231273275
2020-08-19,1.1839455359247044,1.051171690996017
2020-08-20,1.1946535018423639,1.054444521373026
2020-08-21,1.2046425215559555,1.058185001976102
2020-08-24,1.2116560689570715,1.0689079877831908
2020-08-25,1.2192467248398537,1.0726482623275642
2020-08-26,1.2341525536498015,1.0834023629987797
2020-08-27,1.2337655652431196,1.0857712138464846
2020-08-28,1.2452256162083304,1.092784318767867
2020-08-31,1.2445374527706026,1.0888259310865507
2020-09-01,1.2465944065385963,1.0990813696969237
2020-09-02,1.2655876341078909,1.1149781804439565
2020-09-03,1.2184240719231332,1.076607165155637
2020-09-04,1.2174840571401293,1.0678165978636647
2020-09-08,1.1721837486637285,1.0386410552183738
2020-09-09,1.1965404722712853,1.0591515203217143
2020-09-10,1.172180681510455,1.040760678065009
2020-09-11,1.1736362024050064,1.0412906610486812
2020-09-14,1.19214336553349,1.0550058252795278
2020-09-15,1.1911548603218034,1.060336048774918
2020-09-16,1.1784219032159227,1.0561276088577207
2020-09-17,1.1639612204481096,1.0468389976810142
2020-09-18,1.155955836502062,1.0347869332406883
2020-09-21,1.1479358547180953,1.0232705183983624
2020-09-22,1.1509142890176187,1.0336917312351601
2020-09-23,1.1240800261631343,1.0097194799243177
2020-09-24,1.1325628865554738,1.0124106065832448
2020-09-25,1.1503561616613778,1.0287782614662384
2020-09-28,1.1686533451582848,1.0458653703101544
2020-09-29,1.1653805201791307,1.0401697017052995
2020-09-30,1.1808553211374475,1.0480563924973192
2020-10-01,1.1858706904397562,1.054784930350097
2020-10-02,1.1670939294076654,1.0447701683046262
2020-10-05,1.1912274239449214,1.0632973183932521
2020-10-06,1.1709049205639337,1.0481813671005842
2020-10-07,1.186856614175317,1.066426628883742
2020-10-08,1.1931332049781609,1.075878232494385
2020-10-09,1.2039174205801773,1.0854858225430684
2020-10-12,1.2344960014084791,1.1029487824609416
2020-10-13,1.2307505029865176,1.0957507398537716
2020-10-14,1.2192871853187255,1.088865597386845
2020-10-15,1.2130030901561666,1.0875199310280301
2020-10-16,1.2203017775195961,1.0868627067953618
2020-10-19,1.19689468084273,1.0703387563862734
2020-10-20,1.2047969464268078,1.0746263228453565
2020-10-21,1.2053002327312436,1.0725921113310435
2020-10-22,1.211401909957201,1.0784756024435256
2020-10-23,1.2229103596805357,1.0821373686221216
2020-10-26,1.197522179185335,1.0621393715127132
2020-10-27,1.1968409637971085,1.0584779144221714
2020-10-28,1.142782167403033,1.0223002909960994
2020-10-29,1.162816673877658,1.032690285939419
2020-10-30,1.1534253121622626,1.021924645980845
2020-11-02,1.1630059366822463,1.0333786250362142
2020-11-03,1.1892243078531788,1.0516238868193721
2020-11-04,1.2252714634364594,1.0751272515519306
2020-11-05,1.2536892447712826,1.0960950639461968
2020-11-06,1.2552336156919686,1.0958444965635585
2020-11-09,1.2839428992990156,1.1096145754387088
2020-11-10,1.269257518800178,1.10798732986248
2020-11-11,1.2844772424217,1.1162180356588702
2020-11-12,1.2752030894378439,1.1053896508252854
2020-11-13,1.286080897994264,1.1206935276549321
2020-11-16,1.3019494124074835,1.1346823378431337
2020-11-17,1.2947163016334633,1.1285799093588973
2020-11-18,1.283645446887386,1.1149976529913743
2020-11-19,1.28675975312257,1.1196919793298388
2020-11-20,1.2710234619119527,1.1120244319682764
2020-11-23,1.2790311783116104,1.1186905340340971
2020-11-24,1.3065194924801269,1.136716446328095
2020-11-25,1.3081237847758986,1.13496412311925
2020-11-27,1.3122026510385585,1.1381249605912722
2020-11-30,1.302641456929549,1.1330864131897342
2020-12-01,1.3246750222830008,1.1454792987245368
2020-12-02,1.3410339086335241,1.1478892582834557
2020-12-03,1.3321613705404443,1.1475759460258066
2020-12-04,1.3428030462869565,1.1574655274093093
2020-12-07,1.3456534309376662,1.155087094831923
2020-12-08,1.3484510745456304,1.1584668696756997
2020-12-09,1.3318375116346448,1.148076771703029
2020-12-10,1.3270794085460524,1.1477013327464771
2020-12-11,1.3170988286695446,1.1463556663876622
2020-12-14,1.3051731935233437,1.1412232592469862
2020-12-15,1.318798060028305,1.1566518015918434
2020-12-16,1.3174736142900343,1.1584668696756995
2020-12-17,1.3210865650021275,1.1649448401458387
2020-12-18,1.313533187533799,1.1602936831056165
2020-12-21,1.3227786944185715,1.156145000212239
2020-12-22,1.3119643275463133,1.154196406088951
2020-12-23,1.320038706215989,1.1552339116576873
2020-12-24,1.3230025832401975,1.159728051966355
2020-12-28,1.3385000478327533,1.1696907841893618
2020-12-29,1.3389072323158269,1.1674594775257943
2020-12-30,1.3376696550274922,1.1691251530501003
2020-12-31,1.3458752455558447,1.1750652072765086
2021-01-04,1.3376029773643578,1.1590679429118473
2021-01-05,1.3452778136732269,1.1670507600887359
2021-01-06,1.3774472459172746,1.174028216854529
2021-01-07,1.400053784599989,1.1914714981662822
2021-01-08,1.4016372561369042,1.1982596900135283
2021-01-11,1.4075700271182046,1.1901827040094475
2021-01-12,1.4080195184862014,1.1904340956268968
2021-01-13,1.4094148384665595,1.1936397508667842
2021-01-14,1.4093270743419504,1.1894596440212255
2021-01-15,1.3952830234261844,1.1807851908082965
2021-01-19,1.399406211431589,1.1900570082007225
2021-01-20,1.402725328734341,1.206525940936156
2021-01-21,1.3973262714377466,1.2076255732037948
2021-01-22,1.3911285588533204,1.2033515035897469
2021-01-25,1.3852438776779021,1.2080972415745668
2021-01-26,1.3824076837207986,1.2062113923262896
2021-01-27,1.3349341205695606,1.1767309858301653
2021-01-28,1.3503278639829916,1.1868512499314836
2021-01-29,1.3255392947030082,1.1630909299964993
2021-02-01,1.3441695016972135,1.1824511754206568
2021-02-02,1.3718127268172409,1.1991713967441884
2021-02-03,1.3905259321964316,1.2001142183389755
2021-02-04,1.4109917051985303,1.2137544802313442
2021-02-05,1.4153754883055871,1.2185316421683454
2021-02-08,1.4326924118433222,1.2273315851312965
2021-02-09,1.4283802197266118,1.2265144593452342
2021-02-10,1.4337884003707224,1.2259799430700997
2021-02-11,1.4353862601892435,1.2279600641749207
2021-02-12,1.4428575008264253,1.234026123298108
2021-02-16,1.4555784060909287,1.2329575028652446
2021-02-17,1.4535296360274477,1.233240215405524
2021-02-18,1.4472033796408488,1.2279914881271021
2021-02-19,1.4504793058380088,1.2258228233091941
2021-02-22,1.4433369801529452,1.2163942982732678
2021-02-23,1.4422668485730015,1.2178717391725409
2021-02-24,1.4686134340982728,1.2312919303702898
2021-02-25,1.4337335986097521,1.2016227741023757
2021-02-26,1.4225999300851133,1.1954314312878693
2021-03-01,1.4523439963923979,1.2244088484903917
2021-03-02,1.4436617789998523,1.214854215528335
2021-03-03,1.4323535227458744,1.198762370219076
2021-03-04,1.4151462519447622,1.183928307231876
2021-03-05,1.4292215025851251,1.2057085060620396
2021-03-08,1.4101166620738463,1.199705603931269
2021-03-09,1.4320281635041503,1.2168343366331562
2021-03-10,1.4459607079474726,1.224408848490392
2021-03-11,1.4604016991973674,1.2368231641302887
2021-03-12,1.4617510140412513,1.2384892517720005
2021-03-15,1.4716256603098372,1.2458746017400406
2021-03-16,1.4760109425842372,1.2443034041309808
2021-03-17,1.4719217512897276,1.2485460497928473
2021-03-18,1.4536114543740122,1.2303800175809267
2021-03-19,1.4470509904765505,1.2281034810320886
2021-03-22,1.4568799214337127,1.237910020758352
2021-03-23,1.4424781921054806,1.2281666380245053
2021-03-24,1.4330845486965083,1.2219233684168864
2021-03-25,1.436100788871714,1.2287971776551576
2021-03-26,1.4509469015597707,1.248599212938177
2021-03-29,1.449826740510317,1.247968673307525
2021-03-30,1.449069487117555,1.2446580311585471
2021-03-31,1.4556647364403041,1.2497028633505214
2021-04-01,1.4671512630348211,1.2631982659748027
2021-04-05,1.4752188739863616,1.281329371236594
2021-04-06,1.4719466295718118,1.2805725176211087
2021-04-07,1.4830696552577998,1.282054697870547
2021-04-08,1.4934887817387998,1.288140435599854
2021-04-09,1.5054007517358032,1.297505082437904
2021-04-12,1.5112062284831305,1.2979782962489472
2021-04-13,1.510685796946208,1.3018251031426824
2021-04-14,1.502122300617566,1.2973793866291792
2021-04-15,1.5288199199155983,1.3113163730536197
2021-04-16,1.5278066728997186,1.3156991386334091
2021-04-19,1.5243661044892114,1.3092351801550621
2021-04-20,1.512213866105563,1.2996497414169326
2021-04-21,1.5268683699954992,1.3119470157136233
2021-04-22,1.5073130267209758,1.2999648051735557
2021-04-23,1.5336402707342869,1.3140594265056593
2021-04-26,1.5377878442400486,1.316802995104456
2021-04-27,1.538023704173107,1.3165190462119596
2021-04-28,1.542881882844742,1.3161404133455141
2021-04-29,1.5670173125782687,1.3245282389028101
2021-04-30,1.5500761123469349,1.315825143530188
2021-05-03,1.5638890485486425,1.3186632930735824
2021-05-04,1.5558008665063128,1.3105277863978988
2021-05-05,1.56192341211643,1.3109378432165255
2021-05-06,1.5730284805663368,1.321406552584325
2021-05-07,1.5845930415518141,1.3310238273920414
2021-05-10,1.5703709016433478,1.3178435915537348
2021-05-11,1.5546679231941332,1.3060820698843956
2021-05-12,1.5315081777075503,1.2783336898148878
2021-05-13,1.5488907649478378,1.293690008584404
2021-05-14,1.5703880842940159,1.3135550978304888
2021-05-17,1.5681493719832316,1.3102124135532212
2021-05-18,1.5595841704291367,1.2989242087242767
2021-05-19,1.5526028602655497,1.2955186765426467
2021-05-20,1.5689583188468288,1.3094557659964385
2021-05-21,1.5739761058236648,1.3083839516536813
2021-05-24,1.5882076762872457,1.3217219254290022
2021-05-25,1.581378213200469,1.3187894009997128
2021-05-26,1.579386599856527,1.3214065525843248
2021-05-27,1.5725959727622683,1.322100043148691
2021-05-28,1.5813287319957745,1.3244651849397449
2021-06-01,1.5817029169671821,1.3232983775349842
2021-06-02,1.5895572996473888,1.3253794674041905
2021-06-03,1.5891692089152478,1.3204606401089953
2021-06-04,1.605180899594539,1.332537225534958
2021-06-07,1.6061058283947343,1.3312442071747153
2021-06-08,1.5996369627621925,1.331528259096563
2021-06-09,1.596152560997046,1.3295416471426031
2021-06-10,1.5980829593934918,1.335721862787157
2021-06-11,1.5996735144264114,1.3379291636118453
2021-06-14,1.599915439933677,1.3409248450335516
2021-06-15,1.5920787300263761,1.338465431385954
2021-06-16,1.5872726453961978,1.3309923004105093
2021-06-17,1.586356904642746,1.3305507166103498
2021-06-18,1.5574908340894822,1.3126010460363982
2021-06-21,1.5789701522595296,1.3313924664114003
2021-06-22,1.5898339232181264,1.3385101461244677
2021-06-23,1.5907334536915865,1.336896603451977
2021-06-24,1.6038279092163759,1.344805342525199
2021-06-25,1.6116880216007754,1.3495822984034975
2021-06-28,1.6238060343239453,1.3523029944862803
2021-06-29,1.6262702539407172,1.353030587765964
2021-06-30,1.6285035234190328,1.3541694742164916
2021-07-01,1.6386816786456535,1.361667126177573
2021-07-02,1.6511340196386761,1.3720750482280384
2021-07-06,1.6475029152671667,1.369575556162741
2021-07-07,1.648674012492489,1.3744159781215102
2021-07-08,1.6267177766638552,1.3632170997402415
2021-07-09,1.6509145827776734,1.3777691713926221
2021-07-12,1.6678915290405245,1.3827040712666379
2021-07-13,1.664009895979597,1.3779905814688103
2021-07-14,1.661864416619296,1.3800468412643256
2021-07-15,1.6561450790742003,1.3753332484371468
2021-07-16,1.6363827295480506,1.3645458692854247
2021-07-19,1.6074146109104033,1.3443942554130583
2021-07-20,1.6306614504946453,1.3636597138339153
2021-07-21,1.6517226085467984,1.3747004421607638
2021-07-22,1.654790483968373,1.3775794943566697
2021-07-23,1.6673619165255078,1.3917519028490906
2021-07-26,1.6698355512997924,1.395168459171322
2021-07-27,1.6650781490178022,1.388809899719471
2021-07-28,1.672706481049064,1.3882405595235587
2021-07-29,1.6795369175033608,1.393998148768613
2021-07-30,1.6686496159539277,1.3872278840285128
2021-08-02,1.672044399829805,1.3843177169684802
2021-08-03,1.688434889405896,1.3955797523421654
2021-08-04,1.6857572207069094,1.3887149066574673
2021-08-05,1.6988478294128406,1.3975093890647934
2021-08-06,1.7116091474823136,1.3998185859180299
2021-08-09,1.717283787352872,1.3986796994675024
2021-08-10,1.7285642893723474,1.400419762183529
2021-08-11,1.7236285963982734,1.4038996815568796
2021-08-12,1.734792761940074,1.4081072972392656
2021-08-13,1.7416667793959517,1.4106696372089254
2021-08-16,1.7477075687277546,1.4139913034985045
2021-08-17,1.7423060156262224,1.4047223709279182
2021-08-18,1.7166914065147523,1.3893477129338503
2021-08-19,1.7229414556528213,1.3914987597326665
2021-08-20,1.7438581196968428,1.4025710150410475
2021-08-23,1.7707448919011424,1.4149088829021952
2021-08-24,1.7706526615652183,1.4171548197336634
2021-08-25,1.7738294974657702,1.4201287619622212
2021-08-26,1.7646998565058105,1.4117452636376846
2021-08-27,1.781384668213377,1.424367698567437
2021-08-30,1.7811740792741182,1.4306310588985816
2021-08-31,1.7722176463315005,1.4285117451400007
2021-09-01,1.7620314285089447,1.4292710714599202
2021-09-02,1.7698101801943245,1.433668364178259
2021-09-03,1.7730199888052152,1.4333203310291833
2021-09-07,1.7633256440890168,1.4281953420018092
2021-09-08,1.7544733534317247,1.4264552792857823
2021-09-09,1.7363032261010014,1.420349862950355
2021-09-10,1.7177153307894917,1.4091510875984377
2021-09-13,1.7213010737519872,1.412757423985973
2021-09-14,1.713752827876248,1.4051336640987615
2021-09-15,1.7285827066315225,1.4168702526650587
2021-09-16,1.7235620284661346,1.4146241097748875
2021-09-17,1.7082906865003102,1.4008438309939473
2021-09-20,1.6833773750160241,1.3774860467349364
2021-09-21,1.6865101519237005,1.3761849920852836
2021-09-22,1.6987928224914295,1.3896093044570892
2021-09-23,1.71706326299225,1.4064931363906659
2021-09-24,1.7161421793603662,1.4088096483278525
2021-09-27,1.7078662581449497,1.404779449188601
2021-09-28,1.67682186126293,1.3764708985354568
2021-09-29,1.6850638744446398,1.3787874104726436
2021-09-30,1.6706222954920371,1.3619353115793025
2021-10-01,1.692385260877095,1.378120707539645
2021-10-04,1.653277154420233,1.3603485565381792
2021-10-05,1.6801431947441987,1.3745030379234542
2021-10-06,1.690191192077318,1.380215397283238
2021-10-07,1.7081724814408006,1.3921483597933297
2021-10-08,1.7081569874778724,1.3896093044570892
2021-10-11,1.6893967820272462,1.379549106467645
2021-10-12,1.6799170043717546,1.3761533620743993
2021-10-13,1.6778304698802207,1.3811040254391813
2021-10-14,1.7125033663988178,1.4043349805666017
2021-10-15,1.730446023763367,1.4150303545075114
2021-10-18,1.745280427347085,1.419219424906643
2021-10-19,1.758758107748229,1.4301684571107334
2021-10-20,1.7623820037321827,1.435785926437865
2021-10-21,1.770721910528204,1.4395307342737003
2021-10-22,1.764865161785994,1.438039075323932
2021-10-25,1.7711313097004349,1.4457511313653053
2021-10-26,1.7842461119092792,1.447052186014958
2021-10-27,1.7743371151508769,1.4406415967406434
2021-10-28,1.7862768500840156,1.4545418016866292
2021-10-29,1.8027664313016105,1.4574936956339846
2021-11-01,1.8038026744602869,1.4600008118712866
2021-11-02,1.8150011959719552,1.4659036725018344
2021-11-03,1.8149545693391447,1.474853420141741
2021-11-04,1.8261317124318146,1.4818037801881123
2021-11-05,1.8125763356882074,1.486945150882361
2021-11-08,1.8302020188425399,1.4882143694624268
2021-11-09,1.818930824218258,1.483295130049826
2021-11-10,1.8033419441917018,1.4713624766277886
2021-11-11,1.8090901737432774,1.4718383692019688
2021-11-12,1.8159553575333527,1.4829460666072365
2021-11-15,1.8105305295295868,1.4834538982803547
2021-11-16,1.8164639577070734,1.4893252319293697
2021-11-17,1.78770339062615,1.4857072532251245
2021-11-18,1.8060033766226544,1.4907533217693156
2021-11-19,1.797196301945198,1.488087437301485
2021-11-22,1.8026143621199808,1.4838984699317048
2021-11-23,1.8282247697695124,1.4858659184263017
2021-11-24,1.8332900414107745,1.4898330636024881
2021-11-26,1.777264947886152,1.4566047583899862
2021-11-29,1.7855407906146528,1.4744724176002126
2021-11-30,1.7648787592751403,1.445782761376189
2021-12-01,1.7495999546387184,1.4297240915180853
2021-12-02,1.7651619189423653,1.4516222589556176
2021-12-03,1.7473882785526476,1.438991375619049
2021-12-06,1.7589948545125214,1.4560336666951
2021-12-07,1.8075636693313928,1.4861515157884209
2021-12-08,1.8087789515803656,1.4900869279243718
2021-12-09,1.8008226128085227,1.4800263178175221
2021-12-10,1.8069052942813024,1.493958667921149
2021-12-13,1.7900900749062862,1.480724547732053
2021-12-14,1.7891349785549717,1.4705370054642617
2021-12-15,1.8348051351997112,1.4935145083872043
2021-12-16,1.8187089456526728,1.4803438542785792
2021-12-17,1.7847423512904308,1.4645887088897402
2021-12-20,1.7681852425797702,1.449014998188741
2021-12-21,1.797709703439548,1.4747481241445957
2021-12-22,1.8143992326388558,1.4894936849189313
2021-12-23,1.8223580904229812,1.4987615871960034
2021-12-27,1.8534126322868962,1.5199721367422
2021-12-28,1.8435702525352622,1.5187300148815561
2021-12-29,1.836853411000024,1.5206728393611653
2021-12-30,1.8337949239397664,1.5164688297060789
2021-12-31,1.8229412299436196,1.5126470589447374
2022-01-03,1.8350886805316138,1.5214055841084202
2022-01-04,1.826578634630119,1.520895794877625
2022-01-05,1.7936222808673539,1.4916911979552354
2022-01-06,1.7882389672268086,1.490289895746657
2022-01-07,1.7872573063227173,1.4843980592567103
2022-01-10,1.7950763423703229,1.4825507429858618
2022-01-11,1.8085557882056809,1.4960545940169587
2022-01-12,1.808672509202344,1.5000990112067056
2022-01-13,1.771484071399614,1.4794296748434852
2022-01-14,1.770436416956257,1.480034972283041
2022-01-18,1.731507504171237,1.4538242022540322
2022-01-19,1.721611543123274,1.4387282386555384
2022-01-20,1.7127290863992093,1.422804331189084
2022-01-21,1.6868916414086759,1.3948737952262766
2022-01-24,1.6788096431883435,1.400797158697756
2022-01-25,1.6721676752741468,1.3836950075685335
2022-01-26,1.6911171206159075,1.38022363963135
2022-01-27,1.6927558813136705,1.3734082480353307
2022-01-28,1.7328111706897509,1.4075173511730688
2022-01-31,1.75257177140636,1.4328680321764757
2022-02-01,1.7638892425249935,1.4425499063875284
2022-02-02,1.782050814243291,1.4565629284733124
2022-02-03,1.754779924481731,1.4223264810572267
2022-02-04,1.7645135683405107,1.4290145283748987
2022-02-07,1.7653862661589577,1.4244285889141215
2022-02-08,1.7787940300430995,1.436148589754841
2022-02-09,1.797771344955229,1.4571681228835167
2022-02-10,1.769109539279573,1.4309890858947434
2022-02-11,1.7381332753972651,1.402771922276303
2022-02-14,1.733855240826251,1.3981858797861744
2022-02-15,1.7693372754677767,1.4207341624311274
2022-02-16,1.7696143090169227,1.4223264810572267
2022-02-17,1.7245643947868556,1.3919438465307723
2022-02-18,1.7107974272268087,1.3829307358397462
2022-02-22,1.6983697584047015,1.3680893577685957
2022-02-23,1.6694464082242724,1.343821412219196
2022-02-24,1.671486381641236,1.3640447345201463
2022-02-25,1.7139742783722913,1.3941411535083732
2022-02-28,1.6997917872122645,1.3905742773624292
2022-03-01,1.6767143116086565,1.3693954608564678
2022-03-02,1.7014198333171409,1.3945870645412919
2022-03-03,1.6995604717960617,1.3876442256375736
2022-03-04,1.6883724370630437,1.3763701358297729
2022-03-07,1.6470133186006195,1.3357957348321192
2022-03-08,1.6322602983686811,1.3256681556468506
2022-03-09,1.6837430062204244,1.3612102940334025
2022-03-10,1.6776681570714942,1.3550638720161126
2022-03-11,1.6657919562222745,1.3378340675204887
2022-03-14,1.6738203062243306,1.328056788130027
2022-03-15,1.7093086796297892,1.3572612820230652
2022-03-16,1.7340137236666082,1.3873575979819406
2022-03-17,1.75285506754532,1.404714849785263
2022-03-18,1.7663981608332473,1.4201000167731752
2022-03-21,1.766544764415215,1.419684808486978
2022-03-22,1.779786097947704,1.4362971580795794
2022-03-23,1.7640084105564904,1.4177999895322149
2022-03-24,1.7864329642671397,1.4391723981894828
2022-03-25,1.7960838124867242,1.446200854484226
2022-03-28,1.8051597234377554,1.456487614017429
2022-03-29,1.8164886260709379,1.4745052839633137
2022-03-30,1.8165578003699694,1.465400889266935
2022-03-31,1.786070806383827,1.4428463218315457
2022-04-01,1.7814293741034228,1.44693576284786
2022-04-04,1.7923675795712684,1.4593310180577452
2022-04-05,1.769112111123621,1.4408975216495545
2022-04-06,1.7520368505787505,1.4264893820010989
2022-04-07,1.7592494909281455,1.4336775337905332
2022-04-08,1.7613311114883814,1.4298438116244276
2022-04-11,1.7302701238972904,1.4054047343223295
2022-04-12,1.7175594331032795,1.4001974248431759
2022-04-13,1.7132568056585977,1.4162345615668341
2022-04-14,1.6939620213473534,1.3985997486908028
2022-04-18,1.7058172048230271,1.3991751676184487
2022-04-19,1.7279131690650391,1.4217613650647218
2022-04-20,1.7153363154323433,1.4207071687410564
2022-04-21,1.6816625069751487,1.3994627225382443
2022-04-22,1.6332462324916548,1.3610624469141235
2022-04-25,1.6485395262312625,1.3689535679682538
2022-04-26,1.6087555754846257,1.3293073583974866
2022-04-27,1.5983258142990373,1.3330450572080745
2022-04-28,1.6578212162258226,1.3667170068077643
2022-04-29,1.5969742972043197,1.316209236952257
2022-05-02,1.5963339137182857,1.3241319880172713
2022-05-03,1.6088713849057241,1.3302020652851636
2022-05-04,1.648291387684217,1.3707103214392096
2022-05-05,1.6057850725117024,1.3219915532416504
2022-05-06,1.6072012259449036,1.3141005352168713
2022-05-09,1.573470753983405,1.2720268510974448
2022-05-10,1.5746971676736083,1.2749658663758734
2022-05-11,1.564510644755346,1.2547114292107961
2022-05-12,1.5616413629597552,1.2534016170662732
2022-05-13,1.577412802275714,1.283367806954313
2022-05-16,1.5799781191623643,1.278160394445808
2022-05-17,1.6095259622222806,1.3044527637211365
2022-05-18,1.5679126429082944,1.2518682312291822
2022-05-19,1.5604166147185858,1.2442008899263224
2022-05-20,1.5698881316173923,1.2447442667256785
2022-05-23,1.6059017103966382,1.2680335364659991
2022-05-24,1.6036944673923321,1.2583535167832718
2022-05-25,1.607758248906187,1.2694708989475723
2022-05-26,1.6268906597716264,1.2948366222362855
2022-05-27,1.6472741626961682,1.3266236498518607
2022-05-31,1.6330076375863332,1.3191799852709203
2022-06-01,1.6158485023302653,1.3085098535211068
2022-06-02,1.6469107898841255,1.333428326395333
2022-06-03,1.6194155092395228,1.311544892155053
2022-06-06,1.6280801358330712,1.3155382067864985
2022-06-07,1.645269699208616,1.3281572417476544
2022-06-08,1.636800687127961,1.313717266029612
2022-06-09,1.5894422550354612,1.28247340915469
2022-06-10,1.5442925856722542,1.2452873344369804
2022-06-13,1.4835029242561772,1.198005825691643
2022-06-14,1.479685272823385,1.1943957802474567
2022-06-15,1.5054080999456156,1.2114233381262554
2022-06-16,1.4687224040447033,1.1713302902584066
2022-06-17,1.4717892534185233,1.1738554366322063
2022-06-21,1.5151296693248306,1.2034054909698861
2022-06-22,1.525617890922948,1.2012239474830515
2022-06-23,1.5502851397818782,1.2129989659974258
2022-06-24,1.5992694314422706,1.2515648097892684
2022-06-27,1.5988402070083894,1.2467840418249678
2022-06-28,1.555431263248889,1.2213086953063501
2022-06-29,1.562849278541724,1.2203139469184503
2022-06-30,1.548882722234519,1.2103999475786624
2022-07-01,1.5633363331971422,1.2232017566092261
2022-07-05,1.5664893150461068,1.2255119837559767
2022-07-06,1.5699598429060317,1.2296509818903212
2022-07-07,1.5924712998467077,1.248067375426177
2022-07-08,1.5941769790229718,1.2470409970273932
2022-07-11,1.5806312764996755,1.2327952316367656
2022-07-12,1.568303712361076,1.2218863808797267
2022-07-13,1.55308645680495,1.215469609844327
2022-07-14,1.542319021113156,1.2125176128676203
2022-07-15,1.589283651749086,1.2356825261807844
2022-07-18,1.5699688166849606,1.2254799416276867
2022-07-19,1.609284743275417,1.2585914115556855
2022-07-20,1.6074680655938827,1.2666124526219484
2022-07-21,1.6208079697337612,1.2795106971254357
2022-07-22,1.6038441190652968,1.267639243138138
2022-07-25,1.6084258846415356,1.2691795319417734
2022-07-26,1.5915967685957182,1.2541639312373822
2022-07-27,1.6272644283286095,1.2867298607496453
2022-07-28,1.6367426129352103,1.302868687443149
2022-07-29,1.6473287841806084,1.3218625604936791
2022-08-01,1.6343026782275156,1.317948269374768
2022-08-02,1.6176702258460491,1.3092533133209074
2022-08-03,1.6402413351668665,1.3297555360761348
2022-08-04,1.628125630273128,1.3288572231611584
2022-08-05,1.6341829689319671,1.3266113893590417
2022-08-08,1.6333034485699613,1.3250709975260546
2022-08-09,1.6416916853828103,1.3198092885493544
2022-08-10,1.6667126236230183,1.3475305718994401
2022-08-11,1.6633719202722739,1.3475305718994401
2022-08-12,1.6876833073641386,1.3703430218014179
2022-08-15,1.6895861937339343,1.3759896484349996
2022-08-16,1.6946350845282516,1.378684793238632
2022-08-17,1.689422011442117,1.3688990654413542
2022-08-18,1.6842026039668705,1.3728776468755475
2022-08-19,1.6763697951351884,1.3544289021233475
2022-08-22,1.6507783164196268,1.3262263686728082
2022-08-23,1.6350916172011458,1.3230179316404327
2022-08-24,1.6328003024010467,1.3272528501009433
2022-08-25,1.6528859920736267,1.3459903861251559
2022-08-26,1.609132694308196,1.3004300857245368
2022-08-29,1.5961396677714392,1.2918310499968426
2022-08-30,1.5876804091911139,1.2776498840095516
2022-08-31,1.5731176895676127,1.2679281374395017
2022-09-01,1.5908452081679652,1.2719068219030465
2022-09-02,1.5734972662911335,1.258494976082762
2022-09-06,1.5692278976956209,1.2537466623641567
2022-09-07,1.5873733973696318,1.276270114935419
2022-09-08,1.601368233511241,1.2846121954606873
2022-09-09,1.6167438085348307,1.3045689808295302
2022-09-12,1.6342915602194783,1.3185900392047245
2022-09-13,1.5748242888689366,1.261254514231028
2022-09-14,1.5799449059108115,1.2660671182649157
2022-09-15,1.5833750384088154,1.2516931843611294
2022-09-16,1.579753109092271,1.2421441149840489
2022-09-19,1.584451936364421,1.2517768441944772
2022-09-20,1.5726288241179045,1.2374085769050187
2022-09-21,1.5466206738277086,1.21582330960773
2022-09-22,1.550367735124111,1.2056106281781935
2022-09-23,1.5283652090870146,1.1854106935400142
2022-09-26,1.5097861294799322,1.1736836867033986
2022-09-27,1.5035830282180436,1.1706877992229896
2022-09-28,1.525056107602695,1.1937224834359668
2022-09-29,1.5026619563073045,1.1687868046600545
2022-09-30,1.4756748720383,1.150713189776352
2022-10-03,1.5052953550328496,1.1810937637157781
2022-10-04,1.5472115879153763,1.2176916438662668
2022-10-05,1.54607238985151,1.214856688232766
2022-10-06,1.5225482140424031,1.2023244039855006
2022-10-07,1.4849901309988873,1.1687868046600545
2022-10-10,1.475089743145769,1.1598629173873527
2022-10-11,1.470693340474339,1.1525174397783096
2022-10-12,1.4666566887031314,1.148715862769845
2022-10-13,1.5092601375877466,1.1790317342765833
2022-10-14,1.4829706560256135,1.1521630188094463
2022-10-17,1.5184321897942497,1.1817704604958634
2022-10-18,1.5317855100521929,1.1956557261858942
2022-10-19,1.51753047946671,1.1871824892962761
2022-10-20,1.5163972077712504,1.1772276903333285
2022-10-21,1.5614153796311934,1.2058362624577894
2022-10-24,1.5821051566917332,1.2205914049618063
2022-10-25,1.598528066046231,1.2400822916035563
2022-10-26,1.5994720127729984,1.2307395900173577
2022-10-27,1.6025932186271907,1.2241674507200262
2022-10-28,1.6328479362539603,1.253290963542853
2022-10-31,1.6224130715883291,1.2442380835221811
2022-11-01,1.61897571147988,1.2387936004760731
2022-11-02,1.59588124957031,1.2077046997456775
2022-11-03,1.5732567677172826,1.1952690570300382
2022-11-04,1.5998519713639046,1.2124727950997543
2022-11-07,1.616924850200154,1.224070603129697
2022-11-08,1.6252827983446394,1.2306750936433726
2022-11-09,1.5991564320413107,1.2053206005539634
2022-11-10,1.6735232596730916,1.271557964519159
2022-11-11,1.6797889860147972,1.2838647175161797
2022-11-14,1.6727958617371657,1.2729432971782682
2022-11-15,1.6728734635227418,1.283800324171546
2022-11-16,1.6708245513056286,1.2740063540261553
2022-11-17,1.6740095460667157,1.2701079294273618
2022-11-18,1.6822553488576142,1.275874894343395
2022-11-21,1.6737858285806666,1.2712356887079368
2022-11-22,1.6939504785890072,1.2883426822166757
2022-11-23,1.7042914665675768,1.2964614981374303
2022-11-25,1.7077864965166225,1.296171573542552
2022-11-28,1.6863746652223286,1.2754884312462422
2022-11-29,1.6855247202755799,1.2732976151177804
2022-11-30,1.735468249386592,1.3134073537405582
2022-12-01,1.7287868559723538,1.3124409384242972
2022-12-02,1.721778066172286,1.3109265099878664
2022-12-05,1.6937048370498533,1.2873441217427737
2022-12-06,1.6599765046918753,1.2687871961715893
2022-12-07,1.659815683948847,1.2666286282301198
2022-12-08,1.6785085512949491,1.2765515911234808
2022-12-09,1.668219117899581,1.2670152973859756
2022-12-12,1.6949534722663997,1.285282401391633
2022-12-13,1.7135023381733694,1.2950114630456333
2022-12-14,1.6975920888413176,1.2867318183073218
2022-12-15,1.6534600373304364,1.2552564544797733
2022-12-16,1.6346745028996097,1.2404368156017713
2022-12-19,1.6268687752529742,1.2299180339691849
2022-12-20,1.626314806265121,1.2316013275125826
2022-12-21,1.6519961912241479,1.2500164846962216
2022-12-22,1.626434163039563,1.2321835463774216
2022-12-23,1.6267390858253816,1.2392715536372818
2022-12-27,1.6091108485216865,1.2343842533236191
2022-12-28,1.5990273145398484,1.2190435950155178
2022-12-29,1.6206000718782596,1.240986580220915
2022-12-30,1.6192654005616094,1.2377178710179626
2023-01-03,1.6240874246861592,1.2325071615702123
2023-01-04,1.6455867864896299,1.242022746408083
2023-01-05,1.633929074101614,1.227846834917714
2023-01-06,1.666747068864658,1.25600393242428
2023-01-09,1.6589651028491303,1.2552918965766595
2023-01-10,1.6724574702291042,1.2640951364788557
2023-01-11,1.681175960378911,1.2800831282018899
2023-01-12,1.6910428744843364,1.284743454854388
2023-01-13,1.7107296085090002,1.289727705787731
2023-01-17,1.7066869890054723,1.2873651397304624
2023-01-18,1.6801270787684057,1.2670401274596668
2023-01-19,1.671063769751601,1.2578165278037026
2023-01-20,1.6921956213731724,1.2812482871370283
2023-01-23,1.7223232167176938,1.2966212966614736
2023-01-24,1.7208803106614998,1.2952297822412795
2023-01-25,1.723274897632554,1.2957151535157896
2023-01-26,1.7409163813091226,1.309955664409495
2023-01-27,1.7500569450616528,1.3129654608523447
2023-01-30,1.7227617390522731,1.296492200884152
2023-01-31,1.74445228445485,1.3155546914827234
2023-02-01,1.7595196356902303,1.3295362896163259
2023-02-02,1.7630204909950988,1.3488901472206956
2023-02-03,1.7607728511221286,1.3345526857073098
2023-02-06,1.759475101580761,1.3263968822493977
2023-02-07,1.7786139259968103,1.3437443462643361
2023-02-08,1.7781054725245682,1.329050712283113
2023-02-09,1.7671063692332623,1.3175291459732164
2023-02-10,1.7694067258581276,1.3206037478781056
2023-02-13,1.78507015279993,1.3361060592385754
2023-02-14,1.7922403057060579,1.3354914891573924
2023-02-15,1.7842853861411905,1.3398280975877483
2023-02-16,1.7613044557701256,1.321380486158414
2023-02-17,1.7651083609505205,1.3180792196804147
2023-02-21,1.737833220875236,1.2916372517868335
2023-02-22,1.732048642531237,1.2898574197411612
2023-02-23,1.764405597049197,1.296718453339857
2023-02-24,1.7567416435930048,1.2828664661303328
2023-02-27,1.7560443848238148,1.2872356318357356
2023-02-28,1.739467776419519,1.2824781485048544
2023-03-01,1.7267273114745816,1.2775587030335507
2023-03-02,1.7342575816985404,1.2874945445958383
2023-03-03,1.7685737357212188,1.3081431720594245
2023-03-06,1.7772149398003794,1.3090494182344596
2023-03-07,1.7494064098307132,1.2889835247824695
2023-03-08,1.7466325804351737,1.2910871780796354
2023-03-09,1.7072190785331387,1.267266792032777
2023-03-10,1.684625628842644,1.2489810397145136
2023-03-13,1.666516446344805,1.2472005894927325
2023-03-14,1.701919424588586,1.2678170717986776
2023-03-15,1.6925103169622153,1.2598876238258214
2023-03-16,1.7182750634069714,1.281992571171641
2023-03-17,1.683849148214459,1.2670026247757518
2023-03-20,1.703452877127155,1.2791856395217245
2023-03-21,1.7277566225549235,1.2959819995359507
2023-03-22,1.706508097816771,1.2738902399471121
2023-03-23,1.7086614820236057,1.2773338929887652
2023-03-24,1.7081639994761526,1.2857158458730307
2023-03-27,1.7233075372742634,1.2881200357882705
2023-03-28,1.7095001429659218,1.2852285170408437
2023-03-29,1.7264390281129947,1.3039092838924273
2023-03-30,1.7317184425261491,1.3115439648908889
2023-03-31,1.7537678768788303,1.3300294911215436
2023-04-03,1.764810431192945,1.3350978140056402
2023-04-04,1.7544002248094097,1.3276904157563973
2023-04-05,1.7579615718977188,1.324214308469049
2023-04-06,1.7696399815482318,1.3293797880315288
2023-04-10,1.7683347200862696,1.3307445148203554
2023-04-11,1.762901223307094,1.3311017175817068
2023-04-12,1.7599531201121121,1.3256761919362587
2023-04-13,1.7819971193302155,1.3432847323276795
2023-04-14,1.7947169789533817,1.340003350514503
2023-04-17,1.8015258566555392,1.3448116273156312
2023-04-18,1.7995179329238828,1.3456889222429194
2023-04-19,1.8027556885774045,1.3454615364643492
2023-04-20,1.7922135345481087,1.3381192527652
2023-04-21,1.7944830898692021,1.3391588189209647
2023-04-24,1.7926364741374594,1.3405556908674323
2023-04-25,1.7698756608316497,1.3192761116557883
2023-04-26,1.7727832341928693,1.3136881087231609
2023-04-27,1.805447524888411,1.3398410792860265
2023-04-28,1.8187251784329994,1.3512767191168442
2023-05-01,1.8229567515112526,1.3499121983867206
2023-05-02,1.7989886920980314,1.3347404051855862
2023-05-03,1.7821938782660343,1.325578829199173
2023-05-04,1.7601671146835212,1.3161898674341896
2023-05-05,1.7972007569384374,1.3405556908674323
2023-05-08,1.800196619599867,1.3409130996874865
2023-05-09,1.791121643684261,1.3350328024848983
2023-05-10,1.791377122008898,1.3412705085075407
2023-05-11,1.7834997583871983,1.338931330113043
2023-05-12,1.7740720721420444,1.3371771523758724
2023-05-15,1.7868365186229973,1.3417902915854232
2023-05-16,1.7818440403656353,1.3328235441025333
2023-05-17,1.8083562471095864,1.34900265527244
2023-05-18,1.8241711982629203,1.3619978503956074
2023-05-19,1.8154495461482918,1.360016080821164
2023-05-22,1.8250351942173524,1.3605684211740932
2023-05-23,1.8134555014403013,1.34529905917717
2023-05-24,1.7996266603077695,1.335552585562781
2023-05-25,1.8559325442455386,1.3471184544937855
2023-05-26,1.8798937472491124,1.3645643115393242
2023-05-30,1.875859752253739,1.3650843006759095
2023-05-31,1.8610845675079768,1.3575145281688386
2023-06-01,1.8709252184716665,1.3704120514668658
2023-06-02,1.896776080655392,1.3902301593287059
2023-06-05,1.8963604918111605,1.3875658203011463
2023-06-06,1.8981230628560883,1.39058756814876
2023-06-07,1.8839313341313748,1.3857790852889291
2023-06-08,1.8937162575114028,1.394161141202546
2023-06-09,1.8974712761813992,1.3966625908255206
2023-06-12,1.9166639577371851,1.4093329344036807
2023-06-13,1.9342111354621527,1.4186247394902811
2023-06-14,1.9320164741143206,1.4203140087360608
2023-06-15,1.952355009232462,1.4379225491274816
2023-06-16,1.947495357905139,1.4330246367906234
2023-06-20,1.9392395177934916,1.425589935763256
2023-06-21,1.9193506884153186,1.418285566865427
2023-06-22,1.9220708247863034,1.4234051983665277
2023-06-23,1.9079091446307221,1.4126440916994158
2023-06-26,1.8741266648575254,1.4068724904625691
2023-06-27,1.887312576649197,1.4222963964866129
2023-06-28,1.882146757503466,1.4230137898605069
2023-06-29,1.8905740854363304,1.4286225016927685
2023-06-30,1.9135095833046907,1.4454810914352487
2023-07-03,1.910167317037579,1.4471441912257696
2023-07-05,1.9179888729990822,1.444992011104088
2023-07-06,1.9027047739971799,1.4336768125850732
2023-07-07,1.8894615523236942,1.4300571854112054
2023-07-10,1.8863243948053998,1.4336768125850734
2023-07-11,1.8964527106340499,1.4428073767367111
2023-07-12,1.9142300049716547,1.454415899819201
2023-07-13,1.9369614854610138,1.4659595144103001
2023-07-14,1.9439506464206315,1.4650464682980715
2023-07-17,1.945397971829123,1.4701334394947738
2023-07-18,1.9600347771842896,1.4810574355664707
2023-07-19,1.959204546952493,1.4843508718137626
2023-07-20,1.9609715564576244,1.4745028112588796
2023-07-21,1.9592819865545887,1.4745028112588796
2023-07-24,1.9651606016630379,1.481090095870869
2023-07-25,1.9678329969807373,1.485133585796453
2023-07-26,1.9742598599648786,1.485361898839186
2023-07-27,1.9785536230581098,1.4755138382843027
2023-07-28,2.007490075069787,1.489959480616673
2023-07-31,1.9957874277706278,1.4927963938078506
2023-08-01,1.9961857631977717,1.4885247968982367
2023-08-02,1.9720636075098377,1.4678184729978587
2023-08-03,1.9738042241634302,1.4636115785209325
2023-08-04,1.9586907584690905,1.4569920457219505
2023-08-07,1.9797577818532166,1.4697095767430581
2023-08-08,1.967528471086562,1.4633182539574576
2023-08-09,1.948625107794464,1.4535354109820195
2023-08-10,1.9464677726136672,1.4540572546469301
2023-08-11,1.950626358260374,1.4532094261141464
2023-08-14,1.9642535887627215,1.4612312914152208
2023-08-15,1.9423473733664258,1.4442094001507497
2023-08-16,1.9291927926142074,1.4336115950056287
2023-08-17,1.9140515089102481,1.4226878049926346
2023-08-18,1.9096147628787425,1.4233725380621305
2023-08-21,1.914986367963521,1.432633537372658
2023-08-22,1.9035710144667897,1.4287529368516592
2023-08-23,1.9288415423686303,1.4446661292655667
2023-08-24,1.9040310374034959,1.4246442293466302
2023-08-25,1.9129491947765551,1.434687736581145
2023-08-28,1.921423956578669,1.443785743457736
2023-08-29,1.9478789445985567,1.4646552658507532
2023-08-30,1.9486297651965063,1.4706876343760282
2023-08-31,1.9352858709449334,1.4685355572836978
2023-09-01,1.9379154095696018,1.4712747986497352
2023-09-05,1.9337854010181312,1.46491593010983
2023-09-06,1.9115968300526647,1.4550679725842983
2023-09-07,1.9107981571913564,1.450600825965701
2023-09-08,1.9107903116969818,1.452785460333078
2023-09-11,1.9209268066557121,1.462339887236432
2023-09-12,1.917896642957673,1.454318124964709
2023-09-13,1.925146887528662,1.456013885059628
2023-09-14,1.9387281306724524,1.468568217588096
2023-09-15,1.9160001079097078,1.4508745749524075
2023-09-18,1.9280592550174516,1.4517253913363821
2023-09-19,1.9237878390881684,1.4487146676293696
2023-09-20,1.9076364335518168,1.4353961664014658
2023-09-21,1.8860379503606024,1.4116714946220708
2023-09-22,1.885440478108409,1.4084972633343646
2023-09-25,1.894865387129076,1.4144202146884381
2023-09-26,1.8720894867171565,1.3936405338898536
2023-09-27,1.8728466475625074,1.3941968923874877
2023-09-28,1.889420459559009,1.4022796480352475
2023-09-29,1.874013607795756,1.3988762794699972
2023-10-02,1.8965976662275443,1.3983200240017144
2023-10-03,1.8722097898686552,1.3796019605249188
2023-10-04,1.8902062744193178,1.3896483525812733
2023-10-05,1.901799888730682,1.3891245513586858
2023-10-06,1.9325320329415872,1.4056173869036472
2023-10-09,1.9385368380585781,1.4146164856028811
2023-10-10,1.9411669022063192,1.4219793751723133
2023-10-11,1.953381268335462,1.427804242583841
2023-10-12,1.951248640285659,1.4190994987415964
2023-10-13,1.9433404580375204,1.4120312731172076
2023-10-16,1.9576291692338503,1.4268881055910703
2023-10-17,1.9472797677512712,1.4268226819529226
2023-10-18,1.916667327821269,1.4078099545310838
2023-10-19,1.9049183358984099,1.3954403536297006
2023-10-20,1.8907392658582949,1.3782930756445593
2023-10-23,1.8974232205821975,1.3759042371026802
2023-10-24,1.9072148098783106,1.3862778503791249
2023-10-25,1.8803618739831047,1.3663814402102104
2023-10-26,1.8458376054986976,1.3500196580002473
2023-10-27,1.835852824694038,1.3439004357317306
2023-10-30,1.8612026107296493,1.3599678630847045
2023-10-31,1.8665076309415334,1.3685086872288499
2023-11-01,1.895420189063502,1.3831035160620673
2023-11-02,1.9283672144348416,1.4096096712415793
2023-11-03,1.955896056328149,1.4224705160905031
2023-11-06,1.9660486777263901,1.4257425222327011
2023-11-07,1.976332195087743,1.4298002302087802
2023-11-08,1.9818818297467067,1.430847523565901
2023-11-09,1.973202540643011,1.4196885175436296
2023-11-10,2.0075405827364055,1.441842712919425
2023-11-13,2.0050237938453144,1.4404683013715653
2023-11-14,2.043767181382352,1.468414394766436
2023-11-15,2.044343325159367,1.4715232024159945
2023-11-16,2.058813084423351,1.473323022155841
2023-11-17,2.0586066921086226,1.4751556052294374
2023-11-20,2.074718335205373,1.4865105730780979
2023-11-21,2.066821985035607,1.4832709181522439
2023-11-22,2.075534455598649,1.4889975985918742
2023-11-24,2.0682127464091566,1.4899138386139967
2023-11-27,2.0641092670562764,1.48723074824448
2023-11-28,2.0671310831028484,1.488703243734885
2023-11-29,2.0648818863331573,1.4876559503777642
2023-11-30,2.066060274918279,1.4935135811230413
2023-12-01,2.0565481266899654,1.50234906921223
2023-12-04,2.0435875024798413,1.4944625844789134
2023-12-05,2.0452774619114438,1.4941680235632215
2023-12-06,2.0315221390350984,1.4881467822078993
2023-12-07,2.056922695589665,1.4995020591446142
2023-12-08,2.0732889126645015,1.5059485026332209
2023-12-11,2.058462715435118,1.5118060303491467
2023-12-12,2.0735670501848795,1.5187109544515447
2023-12-13,2.0808283300244286,1.5396541428308228
2023-12-14,2.090699274526328,1.5445954305246261
2023-12-15,2.0980073055198614,1.542052254014329
2023-12-18,2.1151279860381487,1.5507265011685554
2023-12-19,2.1339698876241484,1.5601561595273472
2023-12-20,2.109803379424335,1.538536686485389
2023-12-21,2.1345150372377097,1.553124921440116
2023-12-22,2.1369551089792385,1.5562459895824925
2023-12-26,2.144997117211872,1.5628174076743644
2023-12-27,2.1505616547770017,1.5656432967249405
2023-12-28,2.157712505473036,1.566234582172704
2023-12-29,2.153348818648994,1.5617004664756877
2024-01-02,2.154858470099823,1.5529604865952595
2024-01-03,2.142729484609542,1.540278088582984
2024-01-04,2.1359797800075624,1.5353166071363036
2024-01-05,2.1461184741852124,1.5374195392280097
2024-01-08,2.164794394978754,1.559367572871626
2024-01-09,2.155639223726738,1.557001915933815
2024-01-10,2.1653700677259993,1.5658073194523912
2024-01-11,2.1540066557675814,1.5651173318859732
2024-01-12,2.148318646691836,1.5662015097509001
2024-01-16,2.125378798384774,1.5604518537659045
2024-01-17,2.1150034546918026,1.5517777096410297
2024-01-18,2.1263490884683027,1.5655775639987384
2024-01-19,2.150442579548418,1.5850942079783419
2024-01-22,2.159687043457149,1.5884456497504797
2024-01-23,2.1675722368768238,1.5930783645367987
2024-01-24,2.1772426507102565,1.5948196636050425
2024-01-25,2.1779594848803163,1.6034938077299172
2024-01-26,2.1767253753303377,1.601456814423116
2024-01-29,2.1884750939420017,1.6141393154647428
2024-01-30,2.191943690093732,1.6128910118430138
2024-01-31,2.154083335694032,1.5865727822004803
2024-02-01,2.1759034645573228,1.607338038889867
2024-02-02,2.2337490119797447,1.624259064419304
2024-02-05,2.226062670448203,1.6183447675307494
2024-02-06,2.235639825026827,1.6230436271606763
2024-02-07,2.2570478635201425,1.6365803445548743
2024-02-08,2.248046434229368,1.637303198484393
2024-02-09,2.252767442451632,1.6467658262356373
2024-02-12,2.2639452668787285,1.6460429723061185
2024-02-13,2.2313462059268017,1.6233720847329831
2024-02-14,2.2524498094259866,1.6381245484738634
2024-02-15,2.284150230944809,1.6494271774120055
2024-02-16,2.282020799482146,1.6412130593411929
2024-02-20,2.2623367404713077,1.6321776943102615
2024-02-21,2.2588683426298486,1.6336560624736973
2024-02-22,2.3178804868343246,1.6674653501988217
2024-02-23,2.326981796627482,1.668615363819302
2024-02-26,2.31634314559493,1.6625041778401954
2024-02-27,2.3196504157771307,1.6655924826488226
2024-02-28,2.3199691173874957,1.6633912605558678
2024-02-29,2.3173255730577704,1.6693709810825703
2024-03-01,2.3316295195397347,1.6850433939022238
2024-03-04,2.3167079794332515,1.683236362107778
2024-03-05,2.306958646110693,1.6664139356676442
2024-03-06,2.3307076795936825,1.6748581182801636
2024-03-07,2.3434487632265735,1.6914832435123404
2024-03-08,2.330580154726604,1.6813307312240295
2024-03-11,2.3340242210239146,1.6798851263943433
2024-03-12,2.363715588577027,1.6979561655442603
2024-03-13,2.3604567859306065,1.6952947113385404
2024-03-14,2.346529331453085,1.691943372595754
2024-03-15,2.3382984109525315,1.6803254738422855
2024-03-18,2.3475109647784187,1.6903120058454688
2024-03-19,2.364012061578833,1.6997051918138604
2024-03-20,2.3836888726411005,1.7154263375167327
2024-03-21,2.392039025485342,1.7210951154608685
2024-03-22,2.3872028361161703,1.7178325880190006
2024-03-25,2.3804280525288246,1.7130864379167747
2024-03-26,2.376491373661368,1.7099224065348586
2024-03-27,2.3985482186995166,1.7242920132058854
2024-03-28,2.3978852932101113,1.7239626283694156
2024-04-01,2.4003635845236704,1.7209632378910587
2024-04-02,2.392400145856993,1.710021108653513
2024-04-03,2.3913712793627413,1.71189964281784
2024-04-04,2.3479630931849638,1.6910041570282663
2024-04-05,2.378552352583543,1.708669672651019
2024-04-08,2.377862747562079,1.709625578973436
2024-04-09,2.37615756039205,1.7116032273738229
2024-04-10,2.362496523950643,1.6944647068835517
2024-04-11,2.3646964434881563,1.7072528130103777
2024-04-12,2.3176984906498364,1.6836873215789168
2024-04-15,2.303000813314827,1.6625939164052774
2024-04-16,2.3063974089934787,1.6595617625931707
2024-04-17,2.304721725522769,1.649739974522898
2024-04-18,2.307292416346313,1.6463452604231663
2024-04-19,2.278336009578926,1.6319754476934367
2024-04-22,2.3146876232782776,1.6470045452428628
2024-04-23,2.351697255858264,1.6665490071473479
2024-04-24,2.3442158044913466,1.665757947787193
2024-04-25,2.319545130673581,1.6594297819940094
2024-04-26,2.3574715993548407,1.6751511337555844
2024-04-29,2.339809083980154,1.681083563809988
2024-04-30,2.3125168773932825,1.6544530522033194
2024-05-01,2.312858945352049,1.6490808957619036
2024-05-02,2.330394521087132,1.6645055229914072
2024-05-03,2.3593305010106262,1.6851376657587673
2024-05-06,2.389671659552268,1.7025395292712522
2024-05-07,2.397153349039566,1.7044182694942818
2024-05-08,2.3978498279078155,1.7045827043391382
2024-05-09,2.414613072570135,1.7144045954387621
2024-05-10,2.420457662292686,1.7166129265569643
2024-05-13,2.4156781561446317,1.7168435062454281
2024-05-14,2.432651219097485,1.7247205122784148
2024-05-15,2.472600738588595,1.7460779816797276
2024-05-16,2.4673130553055613,1.7424853481959304
2024-05-17,2.47415986067012,1.744990403846204
2024-05-20,2.463449299303074,1.7470007125509892
2024-05-21,2.480528671879537,1.7512850851001784
2024-05-22,2.4684918186617852,1.7462428286419895
2024-05-23,2.4702450676410943,1.7334880009956704
2024-05-24,2.492041784235451,1.7449574344537517
2024-05-28,2.4977680558703286,1.7461764777396793
2024-05-29,2.483734502973846,1.7339491603725985
2024-05-30,2.4536246256972394,1.7224467575220648
2024-05-31,2.4798082740466136,1.7381352429205392
2024-06-03,2.4980862790192977,1.7395521025611809
2024-06-04,2.50048796371979,1.7414966785397639
2024-06-05,2.5395715196484123,1.7621944510039746
2024-06-06,2.541461085554294,1.762161687670225
2024-06-07,2.5421533608843196,1.7600192953369276
2024-06-10,2.5515318132849494,1.7654571845045453
2024-06-11,2.5342414739198156,1.7697092058373907
2024-06-12,2.5479269762643186,1.784243556441328
2024-06-13,2.549513561162588,1.787836602042531
2024-06-14,2.5611448287465484,1.7889241798760547
2024-06-17,2.5720117808596563,1.803162218065326
2024-06-18,2.5880066599492344,1.807743109087884
2024-06-20,2.5881665234168287,1.8028327301995046
2024-06-21,2.568831985771718,1.8004154555566352
2024-06-24,2.5760906125049456,1.7945629762789286
2024-06-25,2.5993503658643653,1.801473773054357
2024-06-26,2.592959255314257,1.8037218735022051
2024-06-27,2.5825567217530554,1.8065656896599271
2024-06-28,2.572919972789853,1.7994564583536756
2024-07-01,2.607073530502625,1.8031599514195942
2024-07-02,2.632650294762929,1.8152947484291053
2024-07-03,2.6512715968385416,1.8233959463307683
2024-07-05,2.6680471728684814,1.833910091642541
2024-07-08,2.6673257562974153,1.8360263145205795
2024-07-09,2.688831073607239,1.8378118131805796
2024-07-10,2.716046559158101,1.85599752399862
2024-07-11,2.6715758278489927,1.8399939748435226
2024-07-12,2.667884829436166,1.8516000252215783
2024-07-15,2.6927589014239244,1.8566921478858516
2024-07-16,2.7071587437856985,1.8677020704366274
2024-07-17,2.667232314193054,1.8415148941290924
2024-07-18,2.6382915543455874,1.8273631945363056
2024-07-19,2.6179986738254493,1.8152286035854972
2024-07-22,2.6464890144027766,1.833943473152399
2024-07-23,2.651090781086582,1.8310668936609271
2024-07-24,2.5666372042523395,1.7895703799681204
2024-07-25,2.545572933282638,1.7802458115477704
2024-07-26,2.5739155827442826,1.800184051633359
2024-07-29,2.565063900846584,1.8012419570136753
2024-07-30,2.563008594652527,1.7921164413002568
2024-07-31,2.5992198307492997,1.8212463419428715
2024-08-01,2.5672419089806495,1.7954556225795764
2024-08-02,2.5022608708617944,1.762027543454683
2024-08-05,2.4126450304033034,1.7107106841025237
2024-08-06,2.4460751811373993,1.7264824172169404
2024-08-07,2.435128112783223,1.7149426147118436
2024-08-08,2.4954390574563674,1.7545875879303938
2024-08-09,2.5087513782607003,1.7623244740454578
2024-08-12,2.5185339924121153,1.76325091397337
2024-08-13,2.5691627578653025,1.7922483188700664
2024-08-14,2.5873406426407244,1.79790236361695
2024-08-15,2.6169360445689223,1.8287190608009103
2024-08-16,2.6274530196984216,1.832819010811069
2024-08-19,2.6530711893579317,1.8503432731930334
2024-08-20,2.636548865056536,1.8473344040143462
2024-08-21,2.6393570338854953,1.8536830726484614
2024-08-22,2.6236752544349597,1.839134503994029
2024-08-23,2.6578963216232174,1.8586758750179717
2024-08-26,2.6511949191498734,1.8542449947310722
2024-08-27,2.651574283287931,1.8567908500045058
2024-08-28,2.6400195235648787,1.8460121253183024
2024-08-29,2.6361260070668826,1.8461769722805645
2024-08-30,2.6548951529706293,1.8638009670746973
2024-09-03,2.5917449292586276,1.8254458183064959
2024-09-04,2.587089918179865,1.8217095619068278
2024-09-05,2.572505791786766,1.8172784755612252
2024-09-06,2.5232310889278478,1.7866935944179458
2024-09-09,2.553414416988112,1.8066979793471418
2024-09-10,2.5336800700661786,1.8145675672668267
2024-09-11,2.551194026288093,1.8331829104802626
2024-09-12,2.5588674606469612,1.848623919376641
2024-09-13,2.5704799961208122,1.8582787998976233
2024-09-16,2.5769383674576707,1.8610235018192856
2024-09-17,2.573325584391542,1.861783858432719
2024-09-18,2.5694253112372065,1.8562623094317534
2024-09-19,2.615824753354079,1.8879380653478017
2024-09-20,2.6096926830705534,1.884674301553717
2024-09-23,2.6010995162386568,1.889384185324245
2024-09-24,2.610873817441865,1.89479054751033
2024-09-25,2.600848360101575,1.8906112648995828
2024-09-26,2.6168416097121168,1.8981068562736356
2024-09-27,2.620421608639075,1.895354118062563
2024-09-30,2.6363533303560276,1.9029490297313791
2024-10-01,2.6166347488593726,1.8859015871877576
2024-10-02,2.6212053376093194,1.8866980040741859
2024-10-03,2.625096169440422,1.8832485813888535
2024-10-04,2.651502751439375,1.9003621687760828
2024-10-07,2.6392922045108724,1.8831822304865433
2024-10-08,2.6598039097675845,1.9009922962893295
2024-10-09,2.684678798749699,1.9141594474000065
2024-10-10,2.6772524726397524,1.9108097571268428
2024-10-11,2.6926736677094345,1.9222521968948536
2024-10-14,2.7193237689440712,1.9379730335096716
2024-10-15,2.6884004612596373,1.922915705917958
2024-10-16,2.71862326654062,1.9312732408459383
2024-10-17,2.7087006211490094,1.9314393241604175
2024-10-18,2.7208966321493278,1.9388683585734572
2024-10-21,2.7136475517848404,1.9356843394973668
2024-10-22,2.7207189482458762,1.9346563126289604
2024-10-23,2.694518048753913,1.9169783304546868
2024-10-24,2.6987226412481355,1.9211244376142789
2024-10-25,2.6902504275371673,1.9204609285911742
2024-10-28,2.714256971856754,1.92639789193704
2024-10-29,2.7205278082670836,1.92951556011082
2024-10-30,2.735756121998549,1.9236783291771227
2024-10-31,2.694661327541685,1.8859681441487712
2024-11-01,2.699212268103036,1.8939279857802949
2024-11-04,2.680462211736316,1.8898486416404188
2024-11-05,2.712634305046968,1.9127001396665824
2024-11-06,2.8417326496927204,1.9602607549248994
2024-11-07,2.844102259121276,1.9754178149287813
2024-11-08,2.848164941949179,1.983974402563693
2024-11-11,2.8192204458225603,1.985864991162135
2024-11-12,2.808697926677985,1.9796960057168855
2024-11-13,2.8012601440804623,1.9806576816829815
2024-11-14,2.794304814645196,1.9679222235547282
2024-11-15,2.7627161742680566,1.9427156806139492
2024-11-18,2.769173635442083,1.9506759343628781
2024-11-19,2.7824975234955107,1.9578061836568181
2024-11-20,2.7771733953128437,1.9584692805625168
2024-11-21,2.7977596486854086,1.968983219815587
2024-11-22,2.797114358409097,1.975085854358526
2024-11-25,2.8056170099056925,1.981785647022259
2024-11-26,2.8190653819649385,1.9921335029608505
2024-11-27,2.8231047754146967,1.986097013261519
2024-11-29,2.8324346666724125,1.9984351902107211
2024-12-02,2.820696650840915,2.002016902583269
2024-12-03,2.8218518076110954,2.0029458152156154
2024-12-04,2.8158093724831863,2.015382900342175
2024-12-05,2.811915685381111,2.0120661794614634
2024-12-06,2.7941276356550495,2.0158805321095032
2024-12-09,2.78257507863432,2.0054995007197567
2024-12-10,2.7630956697560896,1.9992643704308997
2024-12-11,2.7587018905585623,2.014719803436476
2024-12-12,2.747910139029437,2.0043387720467294
2024-12-13,2.7390009748869812,2.0039404605741638
2024-12-16,2.721389827504751,2.012497460326481
2024-12-17,2.709624364553472,2.004206070242108
2024-12-18,2.6489757984341225,1.9444735674077707
2024-12-19,2.6570303114646356,1.9438764092869767
2024-12-20,2.7032865934603088,1.9672243027282519
2024-12-23,2.728626631903641,1.979004472710197
2024-12-24,2.7573335166591644,2.001001445295735
2024-12-26,2.763920444678331,2.001134559217762
2024-12-27,2.7409363815559122,1.9800697962038154
2024-12-30,2.719563670070139,1.9574733988517523
2024-12-31,2.7164742368290202,1.9503524221994397
2025-01-02,2.717821466967506,1.9455601149477806
2025-01-03,2.738031580088333,1.9698863751100804
2025-01-06,2.7652708659574503,1.9812344399921962
2025-01-07,2.757773640733989,1.9588381256405785
2025-01-08,2.751820785637181,1.9616998689054466
2025-01-10,2.7044722117475826,1.9317498546255785
2025-01-13,2.7105623606983174,1.934745123929879
2025-01-14,2.711057061230192,1.9374069902530044
2025-01-15,2.778638002146815,1.9726485920214825
2025-01-16,2.7812348517623438,1.9688548452437253
2025-01-17,2.7942145076294524,1.9886222626646697
2025-01-21,2.7980499017633993,2.006824870296342
2025-01-22,2.787022003554745,2.0181063782174444
2025-01-23,2.8148652398966845,2.029121246177088
2025-01-24,2.8182718758799563,2.023197470588203
2025-01-27,2.843006338539896,1.9945788015873036
2025-01-28,2.865793524728046,2.0117169099601693
2025-01-29,2.871585601993511,2.002698544772221
2025-01-30,2.8985614715013623,2.0134473909465145
2025-01-31,2.905146464293962,2.002731926282079
2025-02-03,2.9100747651799352,1.989254244706241
2025-02-04,2.9187479377614998,2.0025988123600524
2025-02-05,2.922560134468606,2.01071855554497
2025-02-06,2.935318173130163,2.0177068303926613
2025-02-07,2.9143524680527477,1.999237788858233
2025-02-10,2.9071091940805296,2.0128149967875366
2025-02-11,2.9091516479193884,2.014345806890842
2025-02-12,2.9031352344592443,2.0078568122801017
2025-02-13,2.9175997954684156,2.0290546892160743
2025-02-14,2.9255551473362975,2.0289545446865
2025-02-18,2.920078480892703,2.03491149572654
2025-02-19,2.9217272459592754,2.0397035969194963
2025-02-20,2.871369056538283,2.0312178934783574
2025-02-21,2.824076662942844,1.996475778005533
2025-02-24,2.812975573730812,1.9873904437391658
2025-02-25,2.797338660951457,1.9775072501754507
2025-02-26,2.7957887861415993,1.9785053985319472
2025-02-27,2.7821232620799345,1.9469246356779024
2025-02-28,2.8408517126985693,1.977307373233708
2025-03-03,2.7793432527308735,1.9426651962317552
2025-03-04,2.713745869384922,1.9196702813484237
2025-03-05,2.7412623998769763,1.9403023210864325
2025-03-06,2.672171588916149,1.9058598149675194
2025-03-07,2.679357230771488,1.916541898122097
2025-03-10,2.576846582940231,1.8654939453771273
2025-03-11,2.55925175319704,1.84998596740233
2025-03-12,2.5876425482843577,1.8598030161224375
2025-03-13,2.540642777993191,1.8350110632917473
2025-03-14,2.605335783431093,1.872914531383351
2025-03-17,2.619680937698271,1.8873573919232332
2025-03-18,2.596007099796866,1.866957786402014
2025-03-19,2.626297638025257,1.887290628903517
2025-03-20,2.631089698225001,1.8818331641591308
2025-03-21,2.638752504009958,1.8824538129720474
2025-03-24,2.6981882464171645,1.916165840989437
2025-03-25,2.708045272040605,1.920772077232443
2025-03-26,2.659018036858349,1.8978414526643936
2025-03-27,2.6358123327584924,1.892801256793233
2025-03-28,2.5692580236897515,1.8546834876506888
2025-03-31,2.5926335012758455,1.8671333484168233
2025-04-01,2.5689677760742478,1.8724072148569901
2025-04-02,2.5802184023289594,1.8842564145043825
2025-04-03,2.4616431773475353,1.7913987388383084
2025-04-04,2.304969357192093,1.6865249559755515
2025-04-07,2.309846976199824,1.6835210322057323
2025-04-08,2.267903207881985,1.6571523181810062
2025-04-09,2.478723279271216,1.8311853774150524
2025-04-10,2.3814998271929277,1.7509446761231058
2025-04-11,2.4323126784439055,1.7821864724109995
2025-04-14,2.4431983094945413,1.7994762399891462
2025-04-15,2.435205539667999,1.7944358380592826
2025-04-16,2.3659036005217393,1.754549261011667
2025-04-17,2.375713529712897,1.7570526681923182
2025-04-21,2.325486780486065,1.715230066602287
2025-04-22,2.384001140129453,1.759856508961692
2025-04-23,2.425324675910579,1.78712611163518
2025-04-24,2.4720413021073515,1.8247433641885562
2025-04-25,2.508806754578215,1.8379278242302708
2025-04-28,2.517479845117496,1.8386286298785872
2025-04-29,2.5357436873859363,1.8502107774471148
2025-04-30,2.540789115540848,1.8509449646052891
2025-05-01,2.555453051379358,1.8640626616272873
2025-05-02,2.5846073747117857,1.8917332545364776
2025-05-05,2.5670176660425765,1.880885294126124
2025-05-06,2.5236460096872206,1.8651640453939002
2025-05-07,2.517155239329062,1.8730080820344348
2025-05-08,2.5235018416977013,1.8860586039193115
2025-05-09,2.504919566716473,1.8836557533856402
2025-05-12,2.589755688753026,1.9459056753924209
2025-05-13,2.584714058965965,1.958756114276852
2025-05-14,2.570808288349469,1.9612595214575033
2025-05-15,2.595969097739348,1.9708389844932508
2025-05-16,2.6164484769065233,1.983322432827946
2025-05-19,2.6266590115250805,1.9854918188513138
2025-05-20,2.626790348952873,1.9788163411145143
2025-05-21,2.595262502044087,1.9454715097055633
2025-05-22,2.603606126724322,1.9462392844322984
2025-05-23,2.5870796448648856,1.9329548859197125
2025-05-27,2.630770581849762,1.9731421026147535
2025-05-28,2.6107743571678825,1.961726862595516
2025-05-29,2.630857163310778,1.9694703425890705
2025-05-30,2.6322552213501225,1.9672677811145474
2025-06-02,2.6455961454646184,1.9783494120939071
2025-06-03,2.6525230773802395,1.9896307139563068
2025-06-04,2.66069021396397,1.9890966097985778
2025-06-05,2.6560849452703557,1.9794837652529724
2025-06-06,2.694574687830987,1.999811044169499
2025-06-09,2.694347110902128,2.0016134396431307
2025-06-10,2.7125687270748067,2.012962122701355
2025-06-11,2.7074816783369093,2.0072209151231757
2025-06-12,2.715779857074416,2.015198271744439
2025-06-13,2.675387114718749,1.9926684313533893
2025-06-16,2.7064960222952212,2.011626862307033
2025-06-17,2.6848670642491195,1.9944374453171634
2025-06-18,2.678337083906374,1.9941368056697382
2025-06-20,2.664277849506119,1.9894537095305775
2025-06-23,2.6846114415262785,2.0091042916670188
2025-06-24,2.719567998647362,2.031299286665974
2025-06-25,2.740190334778725,2.032437554940393
2025-06-26,2.768688094518099,2.048338898978888
2025-06-27,2.779720495640782,2.0585157261941323
2025-06-30,2.8050594387712464,2.068357914075985
2025-07-01,2.810743233962835,2.0676886354092012
2025-07-02,2.8097052715603565,2.077062245800824
2025-07-03,2.8361061242412937,2.0934323733882514
2025-07-07,2.8144925747622414,2.0778316689971814
2025-07-08,2.792793587080045,2.076693812840168
2025-07-09,2.8045294737298585,2.089146970545548
2025-07-10,2.815156202323409,2.095038807035494
2025-07-11,2.804457710970202,2.087674268996439
2025-07-14,2.8133526198036725,2.0916577958395
2025-07-15,2.791621996948477,2.082719587486952
2025-07-16,2.80754173568127,2.0896825171141957
2025-07-17,2.8167024117133455,2.102470726270373
2025-07-18,2.8152728785093766,2.100930849584143
2025-07-21,2.8182656821809378,2.104914582485907
2025-07-22,2.8141597221492405,2.105215840309441
2025-07-23,2.85486345353732,2.1231258445830985
2025-07-24,2.851770603364626,2.123828916877146
2025-07-25,2.8622544084586634,2.132800712798255
2025-07-28,2.860594279341339,2.1322651662296064
2025-07-29,2.8325933042928466,2.1266409999946325
2025-07-30,2.845523223029247,2.1239628550339833
2025-07-31,2.845258106303349,2.1159953892304553
2025-08-01,2.7882435946812416,2.081313236840154
2025-08-04,2.846437862901888,2.112949017367854
2025-08-05,2.839603480415973,2.102236437525258
2025-08-06,2.838374671423403,2.1183386887990094
2025-08-07,2.82745768349491,2.1165645233676647
2025-08-08,2.860776364744923,2.133068383053227
2025-08-11,2.8626127656084526,2.1288503614063483
2025-08-12,2.9191827172876548,2.1515141399542363
2025-08-13,2.9193794973755294,2.158879090110697
2025-08-14,2.936645729975654,2.159079791287251
2025-08-15,2.950874867861444,2.154024759189487
2025-08-18,2.956191079852913,2.15355638775796
2025-08-19,2.922893729715719,2.1418728593076413
2025-08-20,2.918463901539419,2.1361817239942487
2025-08-21,2.9146912246235392,2.127611948602356
2025-08-22,2.9730653121054265,2.1602852346987924
2025-08-25,2.9671280290106874,2.150777686150332
2025-08-26,2.979339348690691,2.1597828635812992
2025-08-27,2.9852619894537495,2.1647039575222253
2025-08-28,2.994985440167338,2.1723699594435164
2025-08-29,2.991275021026198,2.159414636679346
2025-09-02,2.968720036534151,2.1434129420525743
2025-09-03,2.992435895487345,2.1550290893070683
2025-09-04,3.0255514498533076,2.1730396502277056
2025-09-05,2.995321501618095,2.1667459992672455
2025-09-08,3.00193137100842,2.1720689076786854
2025-09-09,3.0688615692163568,2.177090352207889
2025-09-10,3.0806528092081,2.1833837971096464
2025-09-11,3.1124264771424346,2.201528502245824
2025-09-12,3.118157783290131,2.2007916363245132
2025-09-15,3.139149136353266,2.21250854628469
2025-09-16,3.1251334193972244,2.209462380480791
2025-09-17,3.131001095630423,2.206717266441723
2025-09-18,3.1478986294601996,2.2170278257551024
2025-09-19,3.166445433295663,2.2280086940287793
2025-09-22,3.1668838895078135,2.238549420913217
2025-09-23,3.159202579826471,2.2263639334628103
2025-09-24,3.147239394522841,2.219280459494412
2025-09-25,3.1402771814771313,2.2090418146683195
2025-09-26,3.155001659511515,2.2216977341372814
2025-09-29,3.168047503372393,2.227941518891657
2025-09-30,3.1673485531266845,2.2363338777404156
2025-10-01,3.2000939306295324,2.243954340688382
2025-10-02,3.1921264259098363,2.2465387289392447
2025-10-03,3.208826610364425,2.2465055534880896
2025-10-06,3.1923432737926256,2.2545620366512393
2025-10-07,3.1875584776092105,2.246203265371042
2025-10-08,3.1806078393279504,2.2595974931722345
2025-10-09,3.1743252052627504,2.2530514203008107
2025-10-10,3.1048670543770696,2.192156334265121
2025-10-13,3.1473817706083262,2.2257929447972757
2025-10-14,3.127598008466046,2.223073794154764
2025-10-15,3.1485602886095942,2.2329433878440925
2025-10-16,3.1241975990270867,2.2177364616341264
2025-10-17,3.1452339045630042,2.2303249999072636
2025-10-20,3.1891562318204683,2.2535214402019603
2025-10-21,3.167983066240681,2.2534876465746967
2025-10-22,3.1440475035831694,2.2417721790254395
2025-10-23,3.154669657034605,2.2550656441209496
2025-10-24,3.19859078276442,2.273495328443138
2025-10-27,3.2386371702065126,2.3003173716140846
2025-10-28,3.2457535783470153,2.30642701215292
2025-10-29,3.2417176194569284,2.3075347837393205
2025-10-30,3.254377070027189,2.2821561817816804
2025-10-31,3.243196909444999,2.2896422944554033
2025-11-03,3.2173486830039892,2.2939392365854654
2025-11-04,3.1994098560267656,2.266747936219052
2025-11-05,3.210119470779497,2.2746031000295392
2025-11-06,3.1987436546951704,2.2501981254427594
2025-11-07,3.1886777581779233,2.2524134625568575
2025-11-10,3.238650159706565,2.287561101556846
2025-11-11,3.2848662342793835,2.2927976713718015
2025-11-12,3.2949002324015497,2.2940733808010063
2025-11-13,3.261739412482669,2.256005477864546
2025-11-14,3.2543580202827638,2.255636426727782
2025-11-17,3.251714478221175,2.2346217359786227
2025-11-18,3.2473658158998555,2.215856588088231
2025-11-19,3.254326847870019,2.2244168847797936
2025-11-20,3.215349339752157,2.1905115736991516
2025-11-21,3.2568060093960183,2.2123317479176636
2025-11-24,3.3061820944288796,2.244893968373276
2025-11-25,3.352215343162175,2.266009215769415
2025-11-26,3.3556972341838747,2.2816527803706728
2025-11-28,3.3695268879211255,2.2941069683695665
2025-12-01,3.342997939118198,2.2836334166222505
2025-12-02,3.34847409775828,2.2878631836151904
2025-12-03,3.3876406381030075,2.295785522562799
2025-12-04,3.384560936952867,2.297463870697329
2025-12-05,3.383054827134765,2.3018279879645123
2025-12-08,3.3775036384544377,2.2949126578976218
2025-12-09,3.3589272737699045,2.292931815587341
2025-12-10,3.3995256469576844,2.308139153914713
2025-12-11,3.4142341871312603,2.313510074003912
2025-12-12,3.39860192637346,2.2886350795159824
2025-12-15,3.4073238622646347,2.285177414482537
2025-12-16,3.374298298028279,2.2789336297281615
2025-12-17,3.34483421989067,2.2538571098288664
2025-12-18,3.3517757550330685,2.270876734447606
2025-12-19,3.4013271054831415,2.2914587019208277
2025-12-22,3.4388637583155983,2.305734242794014
2025-12-23,3.4599750496955837,2.3162724969740176
2025-12-24,3.482899448016837,2.32442026414252
2025-12-26,3.4834079587056306,2.324184532986485
2025-12-29,3.4614542237198633,2.315902003426334
2025-12-30,3.4496568317027183,2.3130740537887293
2025-12-31,3.432729030566423,2.295936563591972
2026-01-02,3.477984099750199,2.300145106538521
2026-01-05,3.501636857330068,2.315464334741528
2026-01-06,3.5190258713478366,2.329234825734084
2026-01-07,3.5074251316882923,2.3217268708378613
2026-01-08,3.509452227804937,2.321491139681827
2026-01-09,3.5022294378547416,2.336843955453395
2026-01-12,3.5034882542050196,2.3405138609507525
2026-01-13,3.4766858105506917,2.335834061750837
2026-01-14,3.472455139829386,2.3243528829466946
2026-01-15,3.503000445054646,2.33068259418015
2026-01-16,3.4734185089571854,2.3287297758534535
2026-01-20,3.4254450770196474,2.2813243227983655
2026-01-21,3.45604867857899,2.307653267493446
2026-01-22,3.468296266560649,2.3197066713153403
2026-01-23,3.4359001599534102,2.3205482150576877
2026-01-26,3.465440238088452,2.3323323001549863
2026-01-27,3.414824089299415,2.341624929476398
2026-01-28,3.4214828370118977,2.3413891983203636
2026-01-29,3.447057963073618,2.3367429866890093
2026-01-30,3.451410178426491,2.329773463183275
2026-02-02,3.4958725531459347,2.341355610751803
2026-02-03,3.4834004866466772,2.3215585208776512
2026-02-04,3.490120250643311,2.3103130732295436
2026-02-05,3.4550439214261854,2.2814590851900154
2026-02-06,3.526601120152301,2.3252282203163066
2026-02-09,3.5263809514997653,2.3364400803958536
2026-02-10,3.4975624467593294,2.330278513063906
2026-02-11,3.4777629606335587,2.3297400816734175
2026-02-12,3.4153909088327,2.2937482201679447
2026-02-13,3.396425248769645,2.295364132515518
2026-02-17,3.4165937476121795,2.2990676255814364
2026-02-18,3.4459522727926966,2.3106497731499647
2026-02-19,3.4321990475388833,2.3045555870138417
2026-02-20,3.4578047222049357,2.3212218209572324
2026-02-23,3.397212979133048,2.2975190944296884
2026-02-24,3.41141056223855,2.314218503824234
2026-02-25,3.457545939876673,2.3337466870911956
2026-02-26,3.4395029062716227,2.3207839462137234
2026-02-27,3.3910423831865093,2.309639673388704
2026-03-02,3.4031472062658166,2.3109528855018233
2026-03-03,3.398027880427843,2.290583364551217
2026-03-04,3.410476331451164,2.306744136496572
2026-03-05,3.3640781419610817,2.293882776500891
2026-03-06,3.3211439684819135,2.2638165451126286
2026-03-09,3.341675665375121,2.283647634672747
2026-03-10,3.350007270620339,2.2799775231166866
2026-03-11,3.3479237740653893,2.277115779851818
2026-03-12,3.2801736935259536,2.242537893165147
2026-03-13,3.2488898301362146,2.2298448831296764
2026-03-16,3.282193743706425,2.252537715954663
2026-03-17,3.2895956159037083,2.2584631400131703
2026-03-18,3.252843914283698,2.2269493462375447
2026-03-19,3.244859235768476,2.22146138480514
2026-03-20,3.222673057855608,2.1896150122831504
2026-03-23,3.2333880860374213,2.212606012051128
2026-03-24,3.226058507604267,2.205178626107711
2026-03-25,3.2515149753910446,2.217467555026937
2026-03-26,3.227671636760089,2.1778663692827376
2026-03-27,3.164398595106372,2.140729645624355
2026-03-30,3.180273530618961,2.133572196581642
2026-03-31,3.2632284281693638,2.1955907146651477
2026-04-01,3.2874661581461977,2.212133313386842
2026-04-02,3.291990715036634,2.214125282867075
2026-04-06,3.3045240953032753,2.224591004383684
2026-04-07,3.3204672879142314,2.2255699892808174
2026-04-08,3.3891818048271003,2.2822542657242275
2026-04-09,3.395240403767286,2.295420798658796
2026-04-10,3.371872929217823,2.293901733901552
2026-04-13,3.4123655731520075,2.316318654123452
2026-04-14,3.4323117637588747,2.344542720708437
2026-04-15,3.4609837513761392,2.363043495283101
2026-04-16,3.4518463845038387,2.3688502295287797
2026-04-17,3.497304974827377,2.3974794075235235
2026-04-20,3.4843583880438547,2.392685245743539
