Date,Strategy_Drawdown,SPY_Drawdown
2020-02-04,0.0,0.0
2020-02-05,0.0,0.0
2020-02-06,0.0,0.0
2020-02-07,-0.00031568439331552955,-0.0053296407234425525
2020-02-10,0.0,0.0
2020-02-11,0.0,0.0
2020-02-12,0.0,0.0
2020-02-13,-0.006422433489053803,-0.0010671745980973535
2020-02-14,-0.0014976781049663712,0.0
2020-02-18,-0.0037970056417306886,-0.0025772425967208745
2020-02-19,0.0,0.0
2020-02-20,-0.012415101759170044,-0.004108155334324626
2020-02-21,-0.02778878667693252,-0.014363788145006384
2020-02-24,-0.07199166722751427,-0.047053247607186655
2020-02-25,-0.10285418669533064,-0.075929366140146
2020-02-26,-0.10316238018939439,-0.07932836797575316
2020-02-27,-0.1462932858510816,-0.12067729735630339
2020-02-28,-0.14360479509925017,-0.12437170579200263
2020-03-02,-0.09919263844819015,-0.086451387996484
2020-03-03,-0.12817065501515612,-0.11260844323978836
2020-03-04,-0.08165788435996824,-0.07530894319053749
2020-03-05,-0.10755298308186412,-0.10604702146647627
2020-03-06,-0.12142422927953922,-0.12082505000593191
2020-03-09,-0.17527371654835922,-0.1894837421748835
2020-03-10,-0.1354715114577315,-0.14754360479749007
2020-03-11,-0.1739618014663874,-0.18909965437526488
2020-03-12,-0.24239021437621566,-0.2666843535569895
2020-03-13,-0.16575071160441002,-0.2039956284165949
2020-03-16,-0.2699479064109874,-0.29109759195751816
2020-03-17,-0.2254649596335183,-0.2528225000143113
2020-03-18,-0.25991848036727505,-0.2906542846590505
2020-03-19,-0.26167009073447156,-0.2891469016654298
2020-03-20,-0.28976830859613745,-0.3197807536233942
2020-03-23,-0.3142122924064087,-0.33717258279330065
2020-03-24,-0.2536724063652802,-0.2771182864087892
2020-03-25,-0.2501354279692455,-0.26629656453869277
2020-03-26,-0.1999539984921186,-0.22345574793338752
2020-03-27,-0.2288428402251671,-0.24658555174510977
2020-03-30,-0.19105178408395895,-0.2221178807552222
2020-03-31,-0.1958121742196146,-0.23371261448362868
2020-04-01,-0.23254541554493557,-0.2681992870367135
2020-04-02,-0.2103332325014834,-0.25131264954157206
2020-04-03,-0.22318989566487413,-0.2621344207612508
2020-04-06,-0.1727297223400518,-0.2125746585156949
2020-04-07,-0.1805312287454912,-0.21177208625754285
2020-04-08,-0.14952908822703181,-0.18531227132637285
2020-04-09,-0.14334456633270332,-0.17291491599023212
2020-04-13,-0.1453159140778978,-0.18046619168680644
2020-04-14,-0.11546683667508939,-0.1562961480282179
2020-04-15,-0.1221182192396546,-0.17422312406939044
2020-04-16,-0.11025654055661416,-0.17023928033306657
2020-04-17,-0.09831991138457508,-0.1478229234337285
2020-04-20,-0.1125373930537803,-0.16283664557860345
2020-04-21,-0.14469367144629164,-0.18825557911833646
2020-04-22,-0.12313405202238181,-0.17023928033306657
2020-04-23,-0.1172808846475839,-0.17029889462857462
2020-04-24,-0.10435519105812452,-0.15873391869833997
2020-04-27,-0.09066848152553542,-0.1466042848465794
2020-04-28,-0.10676757077572141,-0.15052836623864818
2020-04-29,-0.08615484203310353,-0.1282906548275048
2020-04-30,-0.08892176877996916,-0.13640658844560483
2020-05-01,-0.10570523022516187,-0.15926906556960585
2020-05-04,-0.09874745813819241,-0.15694983259634676
2020-05-05,-0.08488714265043107,-0.1491605932135639
2020-05-06,-0.08519244659173086,-0.15492847370229834
2020-05-07,-0.0814547601113097,-0.14473097469965346
2020-05-08,-0.07049517469939814,-0.1305797845555151
2020-05-11,-0.05654641981406516,-0.13040123776648505
2020-05-12,-0.07010545141334434,-0.1477336006896307
2020-05-13,-0.08593982369258502,-0.16280664103251952
2020-05-14,-0.070961991708548,-0.15278788621723394
2020-05-15,-0.06089619474789465,-0.14889321717626025
2020-05-18,-0.04314618509177914,-0.1229690919617622
2020-05-19,-0.04872451813797363,-0.13197687123252944
2020-05-20,-0.033054887503805364,-0.11723091992161705
2020-05-21,-0.03840266612482823,-0.12332559334483373
2020-05-22,-0.03434020432445717,-0.12166063713469222
2020-05-26,-0.03101501199192125,-0.11083916201250754
2020-05-27,-0.024772504491791247,-0.09760922987213128
2020-05-28,-0.028687287827011465,-0.09927398868394333
2020-05-29,-0.018564228951180373,-0.09526048584861246
2020-06-01,-0.014448669031103978,-0.09160397789217656
2020-06-02,-0.007886984898348826,-0.0840823119450268
2020-06-03,-0.000764534235398906,-0.07189306379775806
2020-06-04,-0.003945454340372745,-0.0743307357687153
2020-06-05,0.0,-0.05060641753813089
2020-06-08,0.0,-0.039130566953664014
2020-06-09,0.0,-0.046295534119412785
2020-06-10,0.0,-0.05161699828599009
2020-06-11,-0.06094688789094571,-0.10629051230591036
2020-06-12,-0.046841906969133484,-0.09558757488058867
2020-06-15,-0.036091519704264496,-0.0871445522305122
2020-06-16,-0.021013964002691288,-0.06957402822282854
2020-06-17,-0.022819696334198225,-0.07343898881521305
2020-06-18,-0.024335259770779216,-0.0730820926354826
2020-06-19,-0.027109121093546018,-0.07837937550669671
2020-06-22,-0.014872959851249146,-0.07246680204244083
2020-06-23,-0.005676491663263783,-0.06819687877709357
2020-06-24,-0.032119428365290026,-0.09196620382680343
2020-06-25,-0.01234011391243428,-0.08223140650849925
2020-06-26,-0.05477948034875213,-0.10402980793734729
2020-06-29,-0.04185914774500321,-0.09086136537660938
2020-06-30,-0.02379791342595272,-0.07921525873295154
2020-07-01,-0.017587474505491918,-0.07276566311329935
2020-07-02,-0.015425993782833824,-0.06765916572754405
2020-07-06,0.0,-0.05326645872726632
2020-07-07,-0.010609538474710356,-0.06303106319332463
2020-07-08,0.0,-0.055864418141774896
2020-07-09,-0.0034452063386850584,-0.06123937725564599
2020-07-10,0.0,-0.05165430657026504
2020-07-13,-0.007558403893578203,-0.05986568228067701
2020-07-14,0.0,-0.04768255348162287
2020-07-15,0.0,-0.03893326732333202
2020-07-16,-0.0075130198899664435,-0.04209874693514426
2020-07-17,-0.010247982828708868,-0.039321549837452396
2020-07-20,0.0,-0.03155747874168069
2020-07-21,-0.0033407778405866173,-0.02949733107588637
2020-07-22,0.0,-0.023973336223245156
2020-07-23,-0.0183265727953289,-0.035618850671914615
2020-07-24,-0.024109296300450556,-0.04183008780869912
2020-07-27,-0.017826059538136763,-0.03484268044033256
2020-07-28,-0.024121382243413758,-0.04096370654053716
2020-07-29,-0.006820208687481344,-0.0291692550522622
2020-07-30,-0.010866832123140546,-0.03263280614161479
2020-07-31,0.0,-0.02498855583184756
2020-08-03,0.0,-0.01820989719692412
2020-08-04,-0.002155673459044549,-0.014417579189794694
2020-08-05,0.0,-0.008296158292931066
2020-08-06,0.0,-0.0016676210875899988
2020-08-07,0.0,-0.000950670354857297
2020-08-10,-6.823517894793962e-05,0.0
2020-08-11,-0.009747508127835536,-0.00825448432447784
2020-08-12,0.0,0.0
2020-08-13,-0.0007681202993822245,-0.0018078171636254359
2020-08-14,0.0,-0.0017781374605163602
2020-08-17,0.0,0.0
2020-08-18,-0.0008272164032852025,0.0
2020-08-19,-0.003284720619920134,-0.00416337247323173
2020-08-20,0.0,-0.0010629264150392448
2020-08-21,0.0,0.0
2020-08-24,0.0,0.0
2020-08-25,0.0,0.0
2020-08-26,0.0,0.0
2020-08-27,0.0,0.0
2020-08-28,0.0,0.0
2020-08-31,-0.0009573790803921733,-0.00362276516401816
2020-09-01,0.0,0.0
2020-09-02,0.0,0.0
2020-09-03,-0.04332821509199225,-0.0344141369003067
2020-09-04,-0.05093819897351848,-0.04229783769058959
2020-09-08,-0.08680918393040948,-0.06846512291502427
2020-09-09,-0.06691525008908339,-0.05006982107103097
2020-09-10,-0.08536277011286919,-0.06656426366121904
2020-09-11,-0.08642114734136319,-0.06608884093695533
2020-09-14,-0.07254507244258135,-0.053788098039281085
2020-09-15,-0.0690557932304946,-0.049007443022273
2020-09-16,-0.07975832948600337,-0.05278171730265213
2020-09-17,-0.09130655460869752,-0.06111293456593969
2020-09-18,-0.10122366182924081,-0.0719218018789225
2020-09-21,-0.1072504134720359,-0.08225071863217248
2020-09-22,-0.10021003391234173,-0.07290443458053975
2020-09-23,-0.12368289480525019,-0.09440444548430682
2020-09-24,-0.11485244050561161,-0.09199073956001291
2020-09-25,-0.10025869189278547,-0.07731094254010484
2020-09-28,-0.08700688167385184,-0.0619855131442143
2020-09-29,-0.08832710871542482,-0.0670940204111129
2020-09-30,-0.0776191769509994,-0.06002061736020192
2020-10-01,-0.07370160941994719,-0.05398612153745341
2020-10-02,-0.08836837171076861,-0.06296796103622015
2020-10-05,-0.06951739805136992,-0.04635154410278086
2020-10-06,-0.08539155897475503,-0.059908622735943884
2020-10-07,-0.07293149209025274,-0.04354465573111255
2020-10-08,-0.06802876871081931,-0.035068085708783836
2020-10-09,-0.05960508336607773,-0.026451245191715933
2020-10-12,-0.03571977239935298,-0.01078890787499609
2020-10-13,-0.03864542794354775,-0.017244862015599938
2020-10-14,-0.04759956838397472,-0.023419905547503617
2020-10-15,-0.0525081535124019,-0.024626804712053363
2020-10-16,-0.04680705775837435,-0.02521607015668481
2020-10-19,-0.0650906329868779,-0.04003632248094291
2020-10-20,-0.05891807475478861,-0.03619080409552833
2020-10-21,-0.05852495154366766,-0.038015059765579506
2020-10-22,-0.0537588553412669,-0.03273856056229374
2020-10-23,-0.044769461689212475,-0.029454401370251793
2020-10-26,-0.0646004862031413,-0.047390266521331714
2020-10-27,-0.06513259204135768,-0.050673871284540706
2020-10-28,-0.10735859231290312,-0.08312107949511438
2020-10-29,-0.09170938936597073,-0.07380223967071298
2020-10-30,-0.09904509916338533,-0.08345798741594346
2020-11-02,-0.09265252920825484,-0.07318479076040596
2020-11-03,-0.07581824531493775,-0.05682100856518557
2020-11-04,-0.04476732917078263,-0.035741531931219095
2020-11-05,-0.02438744228081058,-0.016935952750834815
2020-11-06,-0.022262106899558654,-0.017160681237794906
2020-11-09,-0.007261222057844852,-0.004810316959570682
2020-11-10,-0.01742007483125607,-0.006269943267144806
2020-11-11,-0.006407802508808791,0.0
2020-11-12,-0.01480106218803423,-0.009700683377732333
2020-11-13,-0.006232326695257084,0.0
2020-11-16,0.0,0.0
2020-11-17,-0.004208206964404493,-0.005378184986282508
2020-11-18,-0.015573005819428554,-0.01734828085764406
2020-11-19,-0.012976389364687146,-0.01321124342209512
2020-11-20,-0.02336931198585057,-0.019968592220513726
2020-11-23,-0.02227879337701233,-0.014093821093697279
2020-11-24,-0.0056836391328207725,0.0
2020-11-25,-0.0031626924143731694,-0.001541837443147509
2020-11-27,-0.00034446608471627727,0.0
2020-11-30,-0.003925183265104382,-0.004427060324762144
2020-12-01,0.0,0.0
2020-12-02,0.0,0.0
2020-12-03,-0.006520092356800067,-0.0002725873928913769
2020-12-04,0.0,0.0
2020-12-07,0.0,-0.0020547735476479367
2020-12-08,0.0,0.0
2020-12-09,-0.009154814028998537,-0.008968922935939094
2020-12-10,-0.01111859716698349,-0.00929300550833656
2020-12-11,-0.019687487772301893,-0.010454597845900415
2020-12-14,-0.029942439404249344,-0.014885119665088653
2020-12-15,-0.018442560942440345,-0.001566784489002715
2020-12-16,-0.018843378015943713,-2.220446049250313e-16
2020-12-17,-0.017257970598333672,0.0
2020-12-18,-0.023862065954003864,-0.003992774692745837
2020-12-21,-0.009942167138909497,-0.007554043876124128
2020-12-22,-0.019189274883272933,-0.009226558876667124
2020-12-23,-0.01040136117778423,-0.008336219470476802
2020-12-24,-0.009930213526286757,-0.00447814100457411
2020-12-28,0.0,0.0
2020-12-29,-0.0011227556985007325,-0.0019077798644534516
2020-12-30,-0.0033477253928513306,-0.00048348509515627747
2020-12-31,0.0,0.0
2021-01-04,-0.0061463855723643546,-0.013614024049309115
2021-01-05,-0.00044389841078551484,-0.006820514695509261
2021-01-06,0.0,-0.0008827590270396035
2021-01-07,0.0,0.0
2021-01-08,0.0,0.0
2021-01-11,0.0,-0.006741110853832555
2021-01-12,0.0,-0.006531141686282882
2021-01-13,0.0,-0.003855797440456943
2021-01-14,-6.226990252533593e-05,-0.007344449776312323
2021-01-15,-0.010026725031326067,-0.014583485056549383
2021-01-19,-0.007101264128778206,-0.006845923472687088
2021-01-20,-0.004746302897943422,0.0
2021-01-21,-0.008577011323341321,0.0
2021-01-22,-0.012974377106129142,-0.003539575366985126
2021-01-25,-0.01714964262399521,0.0
2021-01-26,-0.019161962829300605,-0.001561092974876943
2021-01-27,-0.052845135345697014,-0.025963436567304488
2021-01-28,-0.04192305407246477,-0.017586494827328325
2021-01-29,-0.059510898760515185,-0.037254134252631244
2021-02-01,-0.046292500255164626,-0.021228647117853883
2021-02-02,-0.026679236391628725,-0.007388519583252484
2021-02-03,-0.013401949344224895,-0.00660810101930287
2021-02-04,0.0,0.0
2021-02-05,0.0,0.0
2021-02-08,0.0,0.0
2021-02-09,-0.0030098519968864146,-0.0006659421024076684
2021-02-10,0.0,-0.0011010332302002768
2021-02-11,0.0,0.0
2021-02-12,0.0,0.0
2021-02-16,0.0,-0.0008661294782585927
2021-02-17,-0.0014075298554223625,-0.0006370318024978561
2021-02-18,-0.0057537446385809154,-0.004890116606041661
2021-02-19,-0.0035031436517486414,-0.006647339194137292
2021-02-22,-0.008410007930015007,-0.014288047246219238
2021-02-23,-0.009145201290582716,-0.013091128776938965
2021-02-24,0.0,-0.002216085862869921
2021-02-25,-0.023750181415122973,-0.026258317314307167
2021-02-26,-0.03133125637068135,-0.03127584028084818
2021-03-01,-0.011078094022655138,-0.0077934120057867595
2021-03-02,-0.016989940660416925,-0.015535894863536348
2021-03-03,-0.02468989491074769,-0.028575927511624966
2021-03-04,-0.036406572970197226,-0.0405970432373437
2021-03-05,-0.02682253246398658,-0.02294742174945108
2021-03-08,-0.03983129301846777,-0.02781207378147399
2021-03-09,-0.02491143669578788,-0.013931543209958708
2021-03-10,-0.015424566890680391,-0.0077934120057865375
2021-03-11,-0.0055914883455683295,0.0
2021-03-12,-0.004672720470676683,0.0
2021-03-15,0.0,0.0
2021-03-16,0.0,-0.001261120185663489
2021-03-17,-0.0027704342674791382,0.0
2021-03-18,-0.015175692512826022,-0.014549584419598971
2021-03-19,-0.019620418299191478,-0.01637293450685917
2021-03-22,-0.012961300352576921,-0.00851873187717822
2021-03-23,-0.022718497208460087,-0.016322432594594316
2021-03-24,-0.029082707078426084,-0.021322947103455392
2021-03-25,-0.02703919907439678,-0.01581741347194643
2021-03-26,-0.01698093171354409,0.0
2021-03-29,-0.017739842787395932,-0.0005049151038762911
2021-03-30,-0.018252883287919852,-0.003156730219626813
2021-03-31,-0.013784590314968037,0.0
2021-04-01,-0.003051116186537528,0.0
2021-04-05,0.0,0.0
2021-04-06,-0.0024700538862523214,-0.0005906783779550118
2021-04-07,0.0,0.0
2021-04-08,0.0,0.0
2021-04-09,0.0,0.0
2021-04-12,0.0,0.0
2021-04-13,-0.0008553096626151557,0.0
2021-04-14,-0.0053717416152475606,-0.0034150666876233693
2021-04-15,0.0,0.0
2021-04-16,-0.0007578692453671376,0.0
2021-04-19,-0.003234244857069468,-0.004913102355424637
2021-04-20,-0.016276234008808732,-0.01219861428289859
2021-04-21,-0.005154884957715322,-0.0028518092089678815
2021-04-22,-0.017979280874280468,-0.011959071079805761
2021-04-23,0.0,-0.001246188471401899
2021-04-26,0.0,0.0
2021-04-27,0.0,-0.00021563509346900211
2021-04-28,0.0,-0.0005027834218549465
2021-04-29,0.0,0.0
2021-04-30,-0.011326715276196664,-0.006570326458890663
2021-05-03,-0.005381011594736473,-0.0044277187859514955
2021-05-04,-0.009868384856419055,-0.010569834853136562
2021-05-05,-0.003171116680413588,-0.010260169899570681
2021-05-06,0.0,-0.00235659619021078
2021-05-07,0.0,0.0
2021-05-10,-0.011406507082702522,-0.009902253121362392
2021-05-11,-0.02246009924226089,-0.018738701611703545
2021-05-12,-0.03862454876569721,-0.03958586806067843
2021-05-13,-0.027828056151061764,-0.028048720639671898
2021-05-14,-0.011408586629092277,-0.013124204749050516
2021-05-17,-0.010706510010878967,-0.015635336133680067
2021-05-18,-0.01743331973726392,-0.024116258393337642
2021-05-19,-0.022139700629246972,-0.026674839719053378
2021-05-20,-0.012459211635178713,-0.01620388395958272
2021-05-21,-0.0061922276407766486,-0.01700921705429892
2021-05-24,0.0,-0.006988377783272548
2021-05-25,-0.004715077469789053,-0.009191742502716371
2021-05-26,-0.004054869229865754,-0.0072253952703946744
2021-05-27,-0.006629869978734715,-0.006704142573372596
2021-05-28,-0.00037134492347390413,-0.004927517699293116
2021-06-01,0.0,-0.005803909596484247
2021-06-02,0.0,-0.004240383723726593
2021-06-03,0.0,-0.007935983295144333
2021-06-04,0.0,0.0
2021-06-07,-0.0007769872435872127,-0.0009701884321188237
2021-06-08,-0.006007551932581512,-0.0007572541842660874
2021-06-09,-0.00878017604586434,-0.0022479485555803036
2021-06-10,-0.010570284755984538,0.0
2021-06-11,-0.008925187744223129,0.0
2021-06-14,-0.009748957654581503,0.0
2021-06-15,-0.014564243010494415,-0.0018341942772247544
2021-06-16,-0.016189007932909227,-0.007407311221938939
2021-06-17,-0.02036842978117981,-0.007736547250671744
2021-06-18,-0.040893462280359394,-0.021122584984578308
2021-06-21,-0.026899211876328044,-0.0071089626806161155
2021-06-22,-0.020875327713275937,-0.00180084808434966
2021-06-23,-0.018838602099574886,-0.0030039234024120676
2021-06-24,-0.009321688758603064,0.0
2021-06-25,-0.004914058889074702,0.0
2021-06-28,0.0,0.0
2021-06-29,0.0,0.0
2021-06-30,0.0,0.0
2021-07-01,0.0,0.0
2021-07-02,0.0,0.0
2021-07-06,-0.00421231142963685,-0.0018214627133282812
2021-07-07,-0.00593883241144455,0.0
2021-07-08,-0.01963546841030639,-0.008148099672542153
2021-07-09,-0.004979866756274265,0.0
2021-07-12,0.0,0.0
2021-07-13,-0.003419177289478048,-0.003408892179711187
2021-07-14,-0.008368307771463468,-0.0019219120853196658
2021-07-15,-0.012239836899864964,-0.005330804265030853
2021-07-16,-0.023582448563225666,-0.01313260641992997
2021-07-19,-0.03944446186049044,-0.02770666553208312
2021-07-20,-0.026704916184827954,-0.0137732686193478
2021-07-21,-0.012332778354586904,-0.0057884627005769795
2021-07-22,-0.010034394631982524,-0.0037065713477357765
2021-07-23,0.0,0.0
2021-07-26,0.0,0.0
2021-07-27,-0.0026074453788558216,-0.00455755710331196
2021-07-28,0.0,-0.004965710873971241
2021-07-29,-0.0003794870017379548,-0.0008387571064135679
2021-07-30,-0.007573884823723009,-0.005691333987866254
2021-08-02,-0.005731612311399736,-0.007777297360366919
2021-08-03,0.0,0.0
2021-08-04,0.0,-0.004918845109385783
2021-08-05,0.0,0.0
2021-08-06,0.0,0.0
2021-08-09,0.0,-0.0008134484251470786
2021-08-10,0.0,0.0
2021-08-11,-0.004434488361001021,0.0
2021-08-12,0.0,0.0
2021-08-13,0.0,0.0
2021-08-16,0.0,0.0
2021-08-17,-0.0048187276073412555,-0.0065551557658286574
2021-08-18,-0.019555759805700235,-0.01742831746557294
2021-08-19,-0.014635045144158032,-0.015907131358650073
2021-08-20,-0.0019346811473996972,-0.008076487601170967
2021-08-23,0.0,0.0
2021-08-24,-0.0008509181032956281,0.0
2021-08-25,0.0,0.0
2021-08-26,-0.0059744024975874055,-0.005903337616644744
2021-08-27,0.0,0.0
2021-08-30,0.0,0.0
2021-08-31,-0.005580679887550066,-0.00148167149886691
2021-09-01,-0.010274036333556169,-0.0009509084510078702
2021-09-02,-0.009137375075235599,0.0
2021-09-03,-0.007425003202420122,-0.00024268523559656252
2021-09-07,-0.009710623195399948,-0.003817567392762844
2021-09-08,-0.015910870083162054,-0.00503092170659547
2021-09-09,-0.02450992618045711,-0.009289663118110747
2021-09-10,-0.03342979752549624,-0.017100865071895788
2021-09-13,-0.03176415005125666,-0.014585691675199408
2021-09-14,-0.034217139791138274,-0.01990327947738102
2021-09-15,-0.028553236159316042,-0.011716802930677672
2021-09-16,-0.031708177034876495,-0.013283656999884541
2021-09-17,-0.04308515041498895,-0.02289519964723341
2021-09-20,-0.06013494952561227,-0.03918773675644338
2021-09-21,-0.058549270172610246,-0.04009538097485754
2021-09-22,-0.054933378433352775,-0.03073155405362682
2021-09-23,-0.046964788082034414,-0.0189548882857411
2021-09-24,-0.047623715411572176,-0.01733895100187255
2021-09-27,-0.05184394598237829,-0.02015034842614649
2021-09-28,-0.0744284478567886,-0.03989610168604807
2021-09-29,-0.07341901925303751,-0.038280164402179406
2021-09-30,-0.08183444626240066,-0.05003448041931868
2021-10-01,-0.07027803211420047,-0.03874483799808326
2021-10-04,-0.08963854260384818,-0.051141403926542095
2021-10-05,-0.075376693272173,-0.041268563228666566
2021-10-06,-0.07207672401775189,-0.03728391168643308
2021-10-07,-0.06256396592866298,-0.02896067766168997
2021-10-08,-0.06087867392122093,-0.03073155405362671
2021-10-11,-0.07422725020365861,-0.03774865714648712
2021-10-12,-0.07917336927175667,-0.04011751513315265
2021-10-13,-0.08029501549788909,-0.036664155254160447
2021-10-14,-0.06254940603131709,-0.020460154778132233
2021-10-15,-0.05247342164166746,-0.01300015292691159
2021-10-18,-0.048752534663649705,-0.010078228439461046
2021-10-19,-0.04279551090608613,-0.0024410814577268125
2021-10-20,-0.04106047540562785,0.0
2021-10-21,-0.03776137235577104,0.0
2021-10-22,-0.03814533900189587,-0.0010362118761990669
2021-10-25,-0.03483757896546946,0.0
2021-10-26,-0.02639444012333747,0.0
2021-10-27,-0.03807003786112295,-0.0044302447382166266
2021-10-28,-0.03263046932368019,0.0
2021-10-29,-0.01943775531538161,0.0
2021-11-01,-0.022206588746986666,0.0
2021-11-02,-0.013289361951000056,0.0
2021-11-03,-0.012033286407747035,0.0
2021-11-04,-0.005146741320703696,0.0
2021-11-05,-0.01589899185222765,0.0
2021-11-08,-0.007946170124749963,0.0
2021-11-09,-0.010936050944945097,-0.0033053262593923938
2021-11-10,-0.022427577963299195,-0.011323497800037607
2021-11-11,-0.017065612420803955,-0.011003585085462952
2021-11-12,-0.01215236698133515,-0.0035398089177486325
2021-11-15,-0.015351349754480936,-0.003198642534406604
2021-11-16,-0.013842263538496047,0.0
2021-11-17,-0.02470440017113318,-0.002429205084402586
2021-11-18,-0.012717691084890959,0.0
2021-11-19,-0.01693381833962737,-0.0017882800788708852
2021-11-22,-0.013118392167007165,-0.0045985233471625975
2021-11-23,-0.0009165356797977697,-0.0032784789217932264
2021-11-24,-0.0003127454851413747,-0.0006174490521597686
2021-11-26,-0.03080219853100119,-0.02290671017975421
2021-11-29,-0.02334039027332868,-0.010921190583314533
2021-11-30,-0.03582643009600328,-0.030166263396550375
2021-12-01,-0.04496872360389037,-0.040938517030300936
2021-12-02,-0.03619492656456291,-0.026249187066882063
2021-12-03,-0.04634383180350987,-0.034722075358641025
2021-12-06,-0.04052737333073775,-0.02328986862447935
2021-12-07,-0.01426148704031327,-0.003086692362610166
2021-12-08,-0.013683542316486608,-0.0004470872977864193
2021-12-09,-0.01713159444468737,-0.007195486139188301
2021-12-10,-0.013353443499511841,0.0
2021-12-13,-0.02344550798287659,-0.008858424582462665
2021-12-14,-0.02348234022488116,-0.015677308109248056
2021-12-15,0.0,-0.0002973727271279314
2021-12-16,-0.007924199071509874,-0.009113246527438945
2021-12-17,-0.026664187446395204,-0.01965928892194868
2021-12-20,-0.03553998640325562,-0.03008347194520722
2021-12-21,-0.01848116909365516,-0.012858611888660998
2021-12-22,-0.009552646638533058,-0.002988761421212738
2021-12-23,-0.005248858938210255,0.0
2021-12-27,0.0,0.0
2021-12-28,-0.0054794850868959966,-0.0008171326864868655
2021-12-29,-0.009208496406254985,0.0
2021-12-30,-0.011030247977882324,-0.002764436562271877
2021-12-31,-0.01689138153935421,-0.005277917950124444
2022-01-03,-0.01029357776942541,0.0
2022-01-04,-0.015151759895493888,-0.00033487472773230387
2022-01-05,-0.03286055493938422,-0.019530611951905974
2022-01-06,-0.03639081594893179,-0.02045166982286384
2022-01-07,-0.03655203624085712,-0.024324230248621403
2022-01-10,-0.03231891736873038,-0.025538447411056153
2022-01-11,-0.02661761542768215,-0.01666281114907353
2022-01-12,-0.023365231435180767,-0.014004264726158788
2022-01-13,-0.04309389280534304,-0.027590020692481954
2022-01-14,-0.04611675624997791,-0.027192166491182168
2022-01-18,-0.06639244781793086,-0.044420303065353384
2022-01-19,-0.0748805582895199,-0.054342549826244535
2022-01-20,-0.08440466704733474,-0.06480912885437784
2022-01-21,-0.09892705873554841,-0.08316750995956057
2022-01-24,-0.10261395663187933,-0.07927402409581119
2022-01-25,-0.10606450928270816,-0.09051497976936784
2022-01-26,-0.09610613558064052,-0.09279680058856687
2022-01-27,-0.09770943321089709,-0.0972766050352698
2022-01-28,-0.07613133703143782,-0.07485699596308337
2022-01-31,-0.0650133030199006,-0.05819432025373816
2022-02-01,-0.059061743628697094,-0.051830549189135766
2022-02-02,-0.05087113853801439,-0.04261976731996464
2022-02-03,-0.06492422114914842,-0.06512301042425406
2022-02-04,-0.056193262699411495,-0.0607271108891102
2022-02-07,-0.05507697613294105,-0.06374159291747716
2022-02-08,-0.04772442269909416,-0.056038052062489574
2022-02-09,-0.03764916613440783,-0.042222183998121054
2022-02-10,-0.05180851021080246,-0.059429327414436406
2022-02-11,-0.06995422326225398,-0.07797624062113717
2022-02-14,-0.07323477278132873,-0.08099045177004804
2022-02-15,-0.05433731134701236,-0.06616982408275462
2022-02-16,-0.05561511893240911,-0.06512301042425395
2022-02-17,-0.08080181692684085,-0.08509332745344311
2022-02-18,-0.0881491794800705,-0.0910175288804902
2022-02-22,-0.09467854147311128,-0.10077243985731132
2022-02-23,-0.10870953376542858,-0.11672337979548031
2022-02-24,-0.10843884290994543,-0.10343085084049797
2022-02-25,-0.08398189071773221,-0.08364913363269089
2022-02-28,-0.09255584090631952,-0.0859935276062731
2022-03-01,-0.10487589127993968,-0.09991402286060047
2022-03-02,-0.09168669861505785,-0.08335597434121411
2022-03-03,-0.09267933004476603,-0.08791948053988419
2022-03-04,-0.09865213027041309,-0.09532965894380285
2022-03-07,-0.1207319466081207,-0.12199868948519066
2022-03-08,-0.12860793597292364,-0.12865534896181352
2022-03-09,-0.10112358001482735,-0.10529402746013372
2022-03-10,-0.10436667509214437,-0.10933412682955357
2022-03-11,-0.11070685697437499,-0.1206589874146694
2022-03-14,-0.10642087361374597,-0.12708533163365487
2022-03-15,-0.08747519014545813,-0.1078895944094812
2022-03-16,-0.07428625248849319,-0.08810780948181018
2022-03-17,-0.06422768673894752,-0.0766992471447272
2022-03-18,-0.05699762421443921,-0.0665865721261244
2022-03-21,-0.056919359002688186,-0.06685934773852198
2022-03-22,-0.0498503927545485,-0.05594040001852807
2022-03-23,-0.058273406899501,-0.0680983503711996
2022-03-24,-0.046301922840041754,-0.05405054177245627
2022-03-25,-0.04114975896147377,-0.04943089580648774
2022-03-28,-0.03630452883215607,-0.04266947370017804
2022-03-29,-0.030256525423289937,-0.030826488435207855
2022-03-30,-0.03021959630403681,-0.03681089282139638
2022-03-31,-0.04649526302344198,-0.051635651420396944
2022-04-01,-0.04803594625228125,-0.04894785001621216
2022-04-04,-0.042985421699197945,-0.04080054089209828
2022-04-05,-0.05175708538264334,-0.052916775808514394
2022-04-06,-0.05595661677475072,-0.06238678931727282
2022-04-07,-0.05114707191600876,-0.05766231300175351
2022-04-08,-0.04949368498094586,-0.060181965983499675
2022-04-11,-0.06769390586397617,-0.07624545633572144
2022-04-12,-0.07508987837543113,-0.07966842458404422
2022-04-13,-0.07705710376192854,-0.06912735370545486
2022-04-14,-0.08851715175689157,-0.08071828563642713
2022-04-18,-0.08411389542441983,-0.08034027335529426
2022-04-19,-0.07420290598834667,-0.06549458931830199
2022-04-20,-0.08128081820793764,-0.06618749896727194
2022-04-21,-0.09903453763291958,-0.08015133493459192
2022-04-22,-0.12351438891381716,-0.105391070025319
2022-04-25,-0.11506757282778612,-0.10020467651710774
2022-04-26,-0.13540565071677324,-0.12626341564366772
2022-04-27,-0.14083793224801544,-0.12380660669576093
2022-04-28,-0.10832636064339862,-0.1016744684464711
2022-04-29,-0.14074746497682145,-0.13487264196047377
2022-05-02,-0.1410920235177604,-0.1296650521348145
2022-05-03,-0.13434623310682792,-0.12567547178397687
2022-05-04,-0.11313628791401109,-0.09904971423571762
2022-05-05,-0.13600682448458457,-0.13107193231047443
2022-05-06,-0.13524486267368374,-0.1362585966981419
2022-05-09,-0.1533935539777227,-0.16391315442106402
2022-05-10,-0.15273368169666024,-0.16198144529900882
2022-05-11,-0.15821454363408227,-0.17529435793307047
2022-05-12,-0.15975836162844403,-0.176155212844887
2022-05-13,-0.15127253362424542,-0.1564587549459201
2022-05-16,-0.14989226404705136,-0.15988158775451466
2022-05-17,-0.13399403757080397,-0.1426000202076071
2022-05-18,-0.15638409743204718,-0.17716329074115023
2022-05-19,-0.16041733781411716,-0.18220273214437088
2022-05-20,-0.15532118509577886,-0.18184571302109387
2022-05-23,-0.13594406743302367,-0.1665381795112736
2022-05-24,-0.13713167524248082,-0.17290046073886678
2022-05-25,-0.13494515628993853,-0.1655930810885775
2022-05-26,-0.12465095646091617,-0.14892051827908093
2022-05-27,-0.11368360614649586,-0.1280272472227404
2022-05-31,-0.1213597145773313,-0.13291980424083438
2022-06-01,-0.13047738156106936,-0.1399332796811421
2022-06-02,-0.11840050370374744,-0.12355462108162685
2022-06-03,-0.1304239385786673,-0.13793838792592727
2022-06-06,-0.12636516395199793,-0.1353136337151738
2022-06-07,-0.11756326752026847,-0.12701930476620515
2022-06-08,-0.12221377076005091,-0.1365106500321397
2022-06-09,-0.146631673077814,-0.1570467665254751
2022-06-10,-0.16971680913605336,-0.1814888293375453
2022-06-13,-0.19838157117771704,-0.21256628758892637
2022-06-14,-0.20274657614999914,-0.21493892074581777
2022-06-15,-0.19142230646711844,-0.20374685881410592
2022-06-16,-0.20798354534489827,-0.2300998407499677
2022-06-17,-0.20802543000811513,-0.22844009460194137
2022-06-21,-0.18616316517293485,-0.20901695407428433
2022-06-22,-0.17997420904060712,-0.2104510576352927
2022-06-23,-0.16693585063966399,-0.20271135437290178
2022-06-24,-0.14275336851470155,-0.17736265802091677
2022-06-27,-0.1423838739101474,-0.18050479199302005
2022-06-28,-0.1615715679145744,-0.19724947645773105
2022-06-29,-0.15564116570509845,-0.1979032440252796
2022-06-30,-0.1630760475592048,-0.20441958794358883
2022-07-01,-0.1617112395321456,-0.1960052593955217
2022-07-05,-0.1541430732319906,-0.19448684460376997
2022-07-06,-0.15142475565454316,-0.19176640222511243
2022-07-07,-0.1360962254619975,-0.17966134108626475
2022-07-08,-0.1362379286291583,-0.180336034091805
2022-07-11,-0.15012158258930908,-0.18969952425441128
2022-07-12,-0.15632852215013138,-0.19687004205945335
2022-07-13,-0.16353157256641337,-0.20108770291241473
2022-07-14,-0.1727943893156212,-0.2030277415777484
2022-07-15,-0.14417410744574688,-0.1878015396246534
2022-07-18,-0.14773236790916588,-0.19450783776162572
2022-07-19,-0.11835071422493926,-0.17274402785290954
2022-07-20,-0.11213869751853933,-0.16747190099680964
2022-07-21,-0.10517240687869867,-0.1589939834963987
2022-07-22,-0.12464964669047418,-0.16679693711181331
2022-07-25,-0.12452021520646683,-0.16578472830384272
2022-07-26,-0.13999210804003304,-0.17565428901050228
2022-07-27,-0.11125113884062388,-0.15424905578193604
2022-07-28,-0.11057934314459661,-0.14364121311739242
2022-07-29,-0.10791802349375512,-0.13115671758026692
2022-08-01,-0.11378329547948363,-0.13372966609502135
2022-08-02,-0.12078293924687,-0.1394446808620149
2022-08-03,-0.10707442657488198,-0.12596869879531847
2022-08-04,-0.11214820856207042,-0.12655921600984332
2022-08-05,-0.10883866386562924,-0.12803564448588367
2022-08-08,-0.11547378673623243,-0.12904785329385415
2022-08-09,-0.11482043905863903,-0.13250630675093966
2022-08-10,-0.09639404129532914,-0.11428566784923677
2022-08-11,-0.09597616249824581,-0.11428566784923677
2022-08-12,-0.082305770087995,-0.09929133871065243
2022-08-15,-0.07902742107659888,-0.09557968068188016
2022-08-16,-0.0772193440426836,-0.09380819675816954
2022-08-17,-0.08162508642928812,-0.10024029716559923
2022-08-18,-0.08098234973415208,-0.0976252268954052
2022-08-19,-0.09085814544983806,-0.10975134891197269
2022-08-22,-0.10842590107137251,-0.12828857817811412
2022-08-23,-0.11450606593558299,-0.13039751018439083
2022-08-24,-0.11446588386671619,-0.12761374973284567
2022-08-25,-0.10089706716997038,-0.11529787665720714
2022-08-26,-0.13096674082973703,-0.1452440068597518
2022-08-29,-0.13934186532825865,-0.15089590671344988
2022-08-30,-0.1450095580929187,-0.1602170719610242
2022-08-31,-0.15376294129908152,-0.16660732149247037
2022-09-01,-0.14209691740756636,-0.16399218350241218
2022-09-02,-0.15299914779576773,-0.17280741364566143
2022-09-06,-0.15542603004133315,-0.17592841902018064
2022-09-07,-0.14606626573106296,-0.16112411182012343
2022-09-08,-0.13671925882461722,-0.15564103758750458
2022-09-09,-0.12541068496142405,-0.14252356448109404
2022-09-12,-0.11684989146099334,-0.13330777134198313
2022-09-13,-0.15300929904810712,-0.17099367252678266
2022-09-14,-0.15307236435370541,-0.16783040995709553
2022-09-15,-0.1506118094644877,-0.17727827907030924
2022-09-16,-0.15531500855024938,-0.1835546915102858
2022-09-19,-0.15214515181216703,-0.17722315510097175
2022-09-20,-0.15944172470979212,-0.18666743506139083
2022-09-21,-0.1751484675263254,-0.2008551528992636
2022-09-22,-0.1736887919672233,-0.2075676812637286
2022-09-23,-0.18693768558871637,-0.22084477008970727
2022-09-26,-0.1989639097477678,-0.2285528481755863
2022-09-27,-0.202218806161508,-0.23052207410232584
2022-09-28,-0.18818987150045352,-0.21538147005739117
2022-09-29,-0.2014897379473677,-0.23177150559406712
2022-09-30,-0.21486679530843866,-0.2436509918657609
2022-10-03,-0.19910720952251282,-0.22368250327290118
2022-10-04,-0.17680566676723186,-0.1996269177249702
2022-10-05,-0.17741177739743186,-0.2014904329439262
2022-10-06,-0.18992782133820885,-0.20972774176736397
2022-10-07,-0.20991060932273053,-0.23177150559406723
2022-10-10,-0.21517811328996372,-0.23763706161884623
2022-10-11,-0.2175172204902961,-0.24246501388663555
2022-10-12,-0.2196649221293262,-0.24496394458998216
2022-10-13,-0.19699774591896713,-0.22503757775256228
2022-10-14,-0.21098507151464319,-0.24269803793883526
2022-10-17,-0.1921177531245224,-0.22323771920581437
2022-10-18,-0.1850131155610255,-0.21411097768793053
2022-10-19,-0.19259750834200262,-0.21968025930748636
2022-10-20,-0.19320046584632966,-0.22622342029195985
2022-10-21,-0.16924853564036813,-0.20741951020118554
2022-10-24,-0.15824053430098228,-0.19772114531084695
2022-10-25,-0.14950272104944562,-0.18490983370981118
2022-10-26,-0.1490004939446219,-0.1910509418614137
2022-10-27,-0.14733985554707352,-0.19537072426936408
2022-10-28,-0.13124282505787555,-0.17622801169874247
2022-10-31,-0.13679469755410734,-0.18217835299331342
2022-11-01,-0.1353702600765323,-0.18575687376936134
2022-11-02,-0.14568784288421266,-0.20619147818648442
2022-11-03,-0.15417651263929455,-0.2143649948979861
2022-11-04,-0.14269521847360556,-0.20305740287820329
2022-11-07,-0.13468779754534776,-0.19543417778198013
2022-11-08,-0.13018568748088266,-0.19109326677644578
2022-11-09,-0.14331751072815335,-0.20775824496116868
2022-11-10,-0.10896982977204894,-0.16422134752236106
2022-11-11,-0.11064249401506077,-0.15613214204160275
2022-11-14,-0.11229226113535018,-0.16331085395019507
2022-11-15,-0.11454483362106893,-0.15617467011622688
2022-11-16,-0.11544851990547156,-0.16261198495318852
2022-11-17,-0.1126099600153998,-0.1651743014492869
2022-11-18,-0.10671980933697534,-0.16138388521862324
2022-11-21,-0.10965591403998465,-0.1644331075372485
2022-11-22,-0.09984999459305377,-0.1531889690300815
2022-11-23,-0.09556595637872567,-0.1478525760229974
2022-11-25,-0.09267510806394563,-0.14804320744030097
2022-11-28,-0.10269220022737924,-0.16163797014854286
2022-11-29,-0.10296848483052556,-0.16307776217813164
2022-11-30,-0.08088136935811308,-0.13671428366334215
2022-12-01,-0.08480200002972649,-0.13734956370800466
2022-12-02,-0.08830569196716709,-0.1383448425499625
2022-12-05,-0.104786779942463,-0.1538452422326
2022-12-06,-0.12319920326208722,-0.16604260554614936
2022-12-07,-0.12434948800992729,-0.16746120125829012
2022-12-08,-0.11395915459279582,-0.16093930431112868
2022-12-09,-0.11883014844585416,-0.16720725176809892
2022-12-12,-0.10327487825006165,-0.15520051987185335
2022-12-13,-0.0948000064173059,-0.14880552994992358
2022-12-14,-0.10336381409355266,-0.1542477013846556
2022-12-15,-0.1278152277709831,-0.17493625529196988
2022-12-16,-0.13725796471533291,-0.18467714825693238
2022-12-19,-0.14214752509014317,-0.1915906691779008
2022-12-20,-0.14230635252818247,-0.19048453291849154
2022-12-21,-0.12913814735128026,-0.17838028441801246
2022-12-22,-0.14303168828471124,-0.19010157708728304
2022-12-23,-0.14276706607787237,-0.1854430599193495
2022-12-27,-0.15184078541446633,-0.18865501307128918
2022-12-28,-0.157322211548795,-0.19873829766889362
2022-12-29,-0.14512078035892573,-0.1843153210233076
2022-12-30,-0.1455099657319402,-0.18646386915005442
2023-01-03,-0.14310961736098116,-0.18988893671416274
2023-01-04,-0.13437721484280452,-0.18363466866973088
2023-01-05,-0.14217960952263908,-0.19295224476451045
2023-01-06,-0.12467159552504592,-0.1744448799584155
2023-01-09,-0.12675417469776373,-0.174912824219008
2023-01-10,-0.11984786425289962,-0.16912663587489685
2023-01-11,-0.11284453644316006,-0.15861779965159561
2023-01-12,-0.10824806093342443,-0.155554627040976
2023-01-13,-0.09886386416875037,-0.15227847545791584
2023-01-17,-0.09998917782589456,-0.15383142738033384
2023-01-18,-0.11207720964634049,-0.16719086356099855
2023-01-19,-0.11369605625222978,-0.17325348439016586
2023-01-20,-0.09940779547157208,-0.15785209114877075
2023-01-23,-0.08299799223862969,-0.14774754251385436
2023-01-24,-0.0863547768666123,-0.1486620315579994
2023-01-25,-0.0881954898713384,-0.14834300327845507
2023-01-26,-0.07788774785321528,-0.13898310226864363
2023-01-27,-0.07158398404727129,-0.13700459872052906
2023-01-30,-0.0879417680119331,-0.14783253094323845
2023-01-31,-0.07513590585112273,-0.13530293397665483
2023-02-01,-0.06571805498454997,-0.1261130775454753
2023-02-02,-0.04265304011874538,-0.11339183336362746
2023-02-03,-0.04580447797503373,-0.12281552648537508
2023-02-06,-0.04659102297007045,-0.1281765018031099
2023-02-07,-0.034419759661170723,-0.11677423741338366
2023-02-08,-0.03811374197564932,-0.12643203810515558
2023-02-09,-0.04489767588220739,-0.13400515050198092
2023-02-10,-0.04530381600113631,-0.13198425431897043
2023-02-13,-0.034145813396793234,-0.12179471725466995
2023-02-14,-0.0301580323100914,-0.12219880168346242
2023-02-15,-0.03555298669006346,-0.11934813400623479
2023-02-16,-0.04978482702238207,-0.13147364654402593
2023-02-17,-0.04767871325054773,-0.13364352642794874
2023-02-21,-0.06059904220626644,-0.15102335549759427
2023-02-22,-0.06362412016950736,-0.1521934193086678
2023-02-23,-0.04554602631457716,-0.1476836149621903
2023-02-24,-0.05046793670204819,-0.15678834752425763
2023-02-27,-0.05131849306637715,-0.15391655124944603
2023-02-28,-0.05750174321221879,-0.15704365141173005
2023-03-01,-0.06342333873259343,-0.16027720720030203
2023-03-02,-0.06036452932055203,-0.15374643895094997
2023-03-03,-0.040918375728602574,-0.1401743623971652
2023-03-06,-0.037156594434719525,-0.13957856303324423
2023-03-07,-0.05229777346974129,-0.15276775147568467
2023-03-08,-0.05520805635469628,-0.15138504729149083
2023-03-09,-0.07680631926883474,-0.16704181214022207
2023-03-10,-0.08663583578381373,-0.179061004491453
2023-03-13,-0.0957523046838451,-0.18023106830252644
2023-03-14,-0.07558756209643702,-0.1666802557860536
2023-03-15,-0.08074115988905062,-0.17189204424328397
2023-03-16,-0.06730914201655014,-0.15736281513100203
2023-03-17,-0.08614643405143718,-0.16721551359151288
2023-03-20,-0.07583332991480807,-0.15920784282707212
2023-03-21,-0.06287156387496207,-0.14816760883056268
2023-03-22,-0.07535578612618243,-0.16268844067970234
2023-03-23,-0.072117366268583,-0.16042483650393302
2023-03-24,-0.07196293479416505,-0.15491548696406243
2023-03-27,-0.06516970421203727,-0.1533354470960241
2023-03-28,-0.07043041622491109,-0.15523586964088776
2023-03-29,-0.06018822558834502,-0.14295724249047748
2023-03-30,-0.05806081960773346,-0.13793906512456877
2023-03-31,-0.04570950482230629,-0.12578856395694293
2023-04-03,-0.03970083927233803,-0.12245749156413754
2023-04-04,-0.045365420734695405,-0.12732607575035737
2023-04-05,-0.04342755899072814,-0.1296111471230309
2023-04-06,-0.037072900842860745,-0.12621580857924097
2023-04-10,-0.03778314227406365,-0.1253189266997493
2023-04-11,-0.04073971047234426,-0.12508387105162821
2023-04-12,-0.042343883347708444,-0.12865020225214707
2023-04-13,-0.03034892141068246,-0.11707626800705151
2023-04-14,-0.023427571499778255,-0.11923294251748418
2023-04-17,-0.019722607256984492,-0.1160727273416794
2023-04-18,-0.02081519342954663,-0.11549616041914901
2023-04-19,-0.019053409851116365,-0.11564541499951753
2023-04-20,-0.02478978894751105,-0.12047153883097739
2023-04-21,-0.02355483927158608,-0.11978817768283856
2023-04-24,-0.024559651746646205,-0.11886996404617078
2023-04-25,-0.03694465895689569,-0.13285696020699622
2023-04-26,-0.03536253987533189,-0.13652974703380327
2023-04-27,-0.017588681342837975,-0.11933980446295667
2023-04-28,-0.010363814960627105,-0.11182317043274992
2023-05-01,-0.008061258264575932,-0.11272012003210563
2023-05-02,-0.02110317309688381,-0.12269241177253043
2023-05-03,-0.030241857537083083,-0.12871419752367508
2023-05-04,-0.04222744092211328,-0.13488550873464444
2023-05-05,-0.022076055284594664,-0.11886996404617067
2023-05-08,-0.020445894702711853,-0.11863517927750578
2023-05-09,-0.025383927480254864,-0.12250029051821776
2023-05-10,-0.025244912197708524,-0.11840025906911289
2023-05-11,-0.0295312794703404,-0.11993763542279912
2023-05-12,-0.03466123508982588,-0.12109090470758799
2023-05-15,-0.02771562380707382,-0.11805854463511145
2023-05-16,-0.030432217383220883,-0.12395233984319975
2023-05-17,-0.016005937123734437,-0.11331795099194808
2023-05-18,-0.007400432503484877,-0.10477637681932905
2023-05-19,-0.012146208626405364,-0.10607890068448633
2023-05-22,-0.006930300088553332,-0.10571585449330889
2023-05-23,-0.01323124270467868,-0.11575234466485407
2023-05-24,-0.02075603080581756,-0.12215850836435216
2023-05-25,0.0,-0.11455647958557691
2023-05-26,0.0,-0.10308940728595384
2023-05-30,-0.0021458632974743486,-0.10274769285195229
2023-05-31,-0.010005448323161525,-0.10772320670350877
2023-06-01,-0.0031845403042424225,-0.09924569552228191
2023-06-02,0.0,-0.08621971195220457
2023-06-05,-0.0017322134872777006,-0.08797074447697173
2023-06-06,-0.00028684886095631246,-0.08598472402394763
2023-06-07,-0.009891662468012208,-0.08914534551893682
2023-06-08,-0.003727129133270668,-0.08363586053933802
2023-06-09,-0.0012306217510895667,-0.08199162224017909
2023-06-12,0.0,-0.07366370423864121
2023-06-13,0.0,-0.06755632057933614
2023-06-14,0.0,-0.06644598568835547
2023-06-15,0.0,-0.05487198372339597
2023-06-16,-0.0038549884973170245,-0.058091386060381556
2023-06-20,-0.006238996996676183,-0.0629781868900311
2023-06-21,-0.015883520644135007,-0.06777925437179222
2023-06-22,-0.012432450991294197,-0.06441425432709713
2023-06-23,-0.01878132922689557,-0.07148732324776974
2023-06-26,-0.03328411456784086,-0.07528078687231565
2023-06-27,-0.02379509112255629,-0.06514292006428613
2023-06-28,-0.0255009236128394,-0.06467138665089889
2023-06-29,-0.020506014507177484,-0.06098492041155357
2023-06-30,-0.007879006162533675,-0.049903851337021354
2023-07-03,-0.009083557669488429,-0.048810649571645714
2023-07-05,-0.005280278657817772,-0.05022531753167159
2023-07-06,-0.012218199726660939,-0.05766265160107453
2023-07-07,-0.018238852209574996,-0.06004185358477898
2023-07-10,-0.02109498278797417,-0.05766265160107453
2023-07-11,-0.015573938963159728,-0.0516613849687374
2023-07-12,-0.005120074831927335,-0.0440311847265169
2023-07-13,0.0,-0.03644364799864863
2023-07-14,0.0,-0.03704384915373293
2023-07-17,0.0,-0.033700384025805996
2023-07-18,0.0,-0.026520114560340535
2023-07-19,0.0,-0.024355313666221567
2023-07-20,-0.006180660587419284,-0.030828113711946048
2023-07-21,-0.008717596072086997,-0.030828113711946048
2023-07-24,-0.005843418748580298,-0.026498647363436434
2023-07-25,-0.004804004577056653,-0.023840913578890066
2023-07-26,-0.0012919249548868361,-0.0236907786402889
2023-07-27,-0.0003379870152404596,-0.03016384956546958
2023-07-28,0.0,-0.02066871198714826
2023-07-31,-0.0015296304399892158,-0.01880418097023162
2023-08-01,-0.0025436292164254803,-0.021611778813922844
2023-08-02,-0.012187040980847219,-0.03522204937103246
2023-08-03,-0.012112958834225251,-0.03798698370037157
2023-08-04,-0.02056890264640887,-0.042337917245785506
2023-08-07,-0.00895954720270864,-0.033978915826647915
2023-08-08,-0.013514743813209718,-0.03817978215332474
2023-08-09,-0.020656569266208513,-0.04460978324496889
2023-08-10,-0.02065116048963933,-0.04426691757327861
2023-08-11,-0.018175205858821708,-0.044824184334554484
2023-08-14,-0.010396442495695601,-0.039551583439406124
2023-08-15,-0.019910094147732482,-0.05073958217927488
2023-08-16,-0.02600044093240772,-0.0577055182750188
2023-08-17,-0.03415764264377197,-0.06488565230075616
2023-08-18,-0.03555541970874754,-0.06443572152400123
2023-08-21,-0.03197779762362085,-0.05834845066431915
2023-08-22,-0.038003118288099436,-0.060899187063664706
2023-08-23,-0.027053315891357732,-0.050439650901392796
2023-08-24,-0.03915053484173869,-0.06359978752215534
2023-08-25,-0.03466782205082941,-0.056998252014869966
2023-08-28,-0.031659107718644885,-0.051018317139708835
2023-08-29,-0.020176162793617558,-0.03730111691726257
2023-08-30,-0.018144123541314783,-0.03333591571748329
2023-08-31,-0.025508039722393683,-0.03475058367750905
2023-09-01,-0.02497006608155783,-0.03295004793212053
2023-09-05,-0.02448702584428286,-0.0371296502214854
2023-09-06,-0.0349908844386666,-0.04360245026720977
2023-09-07,-0.03537129251913085,-0.04653891901218998
2023-09-08,-0.03488914733818593,-0.04510271613539596
2023-09-11,-0.029118110729994706,-0.0388227822624887
2023-09-12,-0.03409264301987047,-0.044095450877501
2023-09-13,-0.028892155114057405,-0.042980849635085194
2023-09-14,-0.022354470178499675,-0.034729048760740566
2023-09-15,-0.0350579730740429,-0.046358851893678166
2023-09-18,-0.029056006713119475,-0.045799756696072946
2023-09-19,-0.03095664635560269,-0.04777846340377956
2023-09-20,-0.041077601413140874,-0.05653261022965461
2023-09-21,-0.05062594692936062,-0.0721266664842749
2023-09-22,-0.05028774837625172,-0.07421284461623057
2023-09-25,-0.04524412612596185,-0.07031983279152954
2023-09-26,-0.056856246803067445,-0.08397798129252332
2023-09-27,-0.05662552511809227,-0.08361236174651177
2023-09-28,-0.04902396131211939,-0.07829980613157339
2023-09-29,-0.055517616651431845,-0.08053659324117857
2023-10-02,-0.044135497949301494,-0.08090228050705406
2023-10-03,-0.056426721178649775,-0.09320542224825101
2023-10-04,-0.047356689589979406,-0.08660212602450024
2023-10-05,-0.041513634645836794,-0.08694634609347163
2023-10-06,-0.02602496973487689,-0.07610575025618449
2023-10-09,-0.022998613562837056,-0.0701908941703765
2023-10-10,-0.021673089967765735,-0.0653512940859704
2023-10-11,-0.015517182889634107,-0.06152268385198201
2023-10-12,-0.016592004126200877,-0.06724406428619634
2023-10-13,-0.020577641576540406,-0.0718901209991446
2023-10-16,-0.013376287248295982,-0.06212498432285185
2023-10-17,-0.018592272520673414,-0.062167986436524214
2023-10-18,-0.034020607781915846,-0.07466480698890698
2023-10-19,-0.03994197134463673,-0.0827950507072801
2023-10-20,-0.04708806772805929,-0.09406566768129121
2023-10-23,-0.043719427574346215,-0.09563588816904212
2023-10-24,-0.038784573549438206,-0.08881751365706525
2023-10-25,-0.05231815985249699,-0.10189503204368555
2023-10-26,-0.06971801396554811,-0.11264942049403559
2023-10-27,-0.07475023440000383,-0.11667164181934586
2023-10-30,-0.06197421920316015,-0.10611079674045365
2023-10-31,-0.05930054697762821,-0.10049688773048815
2023-11-01,-0.04626971934497581,-0.09090389494861306
2023-11-02,-0.03067093386376063,-0.07348160552420757
2023-11-03,-0.015621135838061906,-0.06502860893376727
2023-11-06,-0.011714985898429342,-0.06287782605150682
2023-11-07,-0.008495039663883208,-0.06021067920585754
2023-11-08,-0.006655712644463629,-0.05952237450764297
2023-11-09,-0.012680999385088598,-0.06685697754328068
2023-11-10,0.0,-0.0522953783359823
2023-11-13,-0.00013723570551638087,-0.05319869360255891
2023-11-14,0.0,-0.034830086797904336
2023-11-15,0.0,-0.03278677533989294
2023-11-16,0.0,-0.031603777034785785
2023-11-17,-0.0002962410572633356,-0.03039924381291037
2023-11-20,0.0,-0.022935702156119397
2023-11-21,-0.002575755656939571,-0.025065085561339573
2023-11-22,0.0,-0.021301012357791804
2023-11-24,-0.0017132882850934283,-0.020698847326650283
2023-11-27,-0.004397995771004637,-0.022462475746130917
2023-11-28,-0.0030301027731413077,-0.021494623449113903
2023-11-29,-0.0032599576975109734,-0.022182860427464424
2023-11-30,-0.001325463134159488,-0.018332782996571817
2023-12-01,-0.005923363951397698,-0.01252546605487681
2023-12-04,-0.012188159580871716,-0.017709083048662033
2023-12-05,-0.011371281451435622,-0.01790262642011986
2023-12-06,-0.018020211722125534,-0.021860242995125345
2023-12-07,-0.005742308041764677,-0.014396565898606384
2023-12-08,0.0,-0.010159334004934184
2023-12-11,-0.007151052194809604,-0.006309459733633727
2023-12-12,0.0,-0.0017709421647983392
2023-12-13,0.0,0.0
2023-12-14,0.0,0.0
2023-12-15,0.0,-0.001646433383583057
2023-12-18,0.0,0.0
2023-12-19,0.0,0.0
2023-12-20,-0.011324671608519798,-0.013857249423357532
2023-12-21,0.0,-0.0045068188037746815
2023-12-22,0.0,-0.002506070198758259
2023-12-26,0.0,0.0
2023-12-27,0.0,0.0
2023-12-28,0.0,0.0
2023-12-29,-0.0020223671193326798,-0.002895111970072084
2024-01-02,-0.0013227134597281198,-0.008475163845405365
2024-01-03,-0.006943937538244738,-0.016572675789691127
2024-01-04,-0.01007211359731619,-0.0197403207377006
2024-01-05,-0.005373297535429811,-0.018397785003515965
2024-01-08,0.0,-0.004384406351077508
2024-01-09,-0.004229118143160182,-0.00589481661089486
2024-01-10,0.0,-0.00027279610415320565
2024-01-11,-0.005247792110819827,-0.0007132693892776265
2024-01-12,-0.007874599029656926,-2.105009725816842e-05
2024-01-16,-0.01846856107289907,-0.0036921870590581607
2024-01-17,-0.02326004861011577,-0.009230401866091142
2024-01-18,-0.018020466727276307,-0.0004196863140818463
2024-01-19,-0.006893735348091012,0.0
2024-01-22,-0.0026245048611104327,0.0
2024-01-23,0.0,0.0
2024-01-24,0.0,0.0
2024-01-25,0.0,0.0
2024-01-26,-0.0005666356782786375,-0.0012703468494742465
2024-01-29,0.0,0.0
2024-01-30,0.0,-0.0007733556633717775
2024-01-31,-0.017272503199241118,-0.017077973029444693
2024-02-01,-0.006547395994020544,-0.004213371355164086
2024-02-02,0.0,0.0
2024-02-05,-0.003458711526403091,-0.0036412905411127294
2024-02-06,-0.00269869811542367,-0.0007486196492678676
2024-02-07,0.0,0.0
2024-02-08,-0.00400993773349978,0.0
2024-02-09,-0.0003332758904306399,0.0
2024-02-12,0.0,-0.0004389536860690546
2024-02-13,-0.014057516288375593,-0.014206120413329582
2024-02-14,-0.004475280524486314,-0.005247360975528137
2024-02-15,0.0,0.0
2024-02-16,-0.0019470363940146118,-0.004979981941740763
2024-02-20,-0.01076124305598214,-0.010457987063140495
2024-02-21,-0.012714506474030052,-0.0095615703252393
2024-02-22,0.0,0.0
2024-02-23,0.0,0.0
2024-02-26,-0.0031648880077068675,-0.003662368114860315
2024-02-27,-0.0006926965519686856,-0.0018115490124066547
2024-02-28,-0.0010539917022031053,-0.0031307400090346826
2024-02-29,0.0,0.0
2024-03-01,0.0,0.0
2024-03-04,-0.006399618799400542,-0.0010724558247864335
2024-03-05,-0.010580957747486353,-0.011055894514370168
2024-03-06,-0.0003953629589635854,-0.006044639842553212
2024-03-07,0.0,0.0
2024-03-08,-0.0054913120789770176,-0.006002256617515078
2024-03-11,-0.004021654900482008,-0.006856954765076195
2024-03-12,0.0,0.0
2024-03-13,-0.0013786779856971298,-0.001567566839426271
2024-03-14,-0.007270865076575483,-0.0035412544830749626
2024-03-15,-0.010753060878951448,-0.01038359818056922
2024-03-18,-0.006855572589578474,-0.00450215827146061
2024-03-19,0.0,0.0
2024-03-20,0.0,0.0
2024-03-21,0.0,0.0
2024-03-22,-0.002021785312716795,-0.0018959102131979044
2024-03-25,-0.004854006491035956,-0.004653603238090942
2024-03-26,-0.0064997483980510085,-0.006491805849838883
2024-03-27,0.0,0.0
2024-03-28,-0.00027638614234937187,-0.00019126510604450253
2024-04-01,-0.0033181362699676864,-0.0019305168107448534
2024-04-02,-0.006613006798993237,-0.008276383515636643
2024-04-03,-0.006898746970479874,-0.007187170264125631
2024-04-04,-0.023490664436604414,-0.01930534736246836
2024-04-05,-0.011544126175764613,-0.00906020596521262
2024-04-08,-0.012315107879962928,-0.008505829940882226
2024-04-09,-0.013533815168599528,-0.007358956324693522
2024-04-10,-0.021739147549586613,-0.017298467913321458
2024-04-11,-0.023677723109375437,-0.009882030478969739
2024-04-12,-0.043557124198629116,-0.023548731941027357
2024-04-15,-0.047454516877420194,-0.03578187125868593
2024-04-16,-0.04913174198531867,-0.03754036300217001
2024-04-17,-0.048973537340195494,-0.043236490012238726
2024-04-18,-0.0467853591309384,-0.045205247893857936
2024-04-19,-0.05437723059495514,-0.05353899301580611
2024-04-22,-0.038689536033920446,-0.04482289693678865
2024-04-23,-0.022906407143046148,-0.03348818377798235
2024-04-24,-0.026679299378115195,-0.0339468973734538
2024-04-25,-0.03604950767754678,-0.03761696464726527
2024-04-26,-0.030347312788056025,-0.028499337324067953
2024-04-29,-0.035059076445354664,-0.025058835978848726
2024-04-30,-0.04574491715826978,-0.04050308996815433
2024-05-01,-0.04560376355566431,-0.04361866171428874
2024-05-02,-0.0383677461932217,-0.03467329846504519
2024-05-03,-0.026427376724383222,-0.022707786891833392
2024-05-06,-0.013907163340987405,-0.012615430523054916
2024-05-07,-0.01081986037196192,-0.011525799009831417
2024-05-08,-0.010532459874860178,-0.01143043533933863
2024-05-09,-0.003615143257491682,-0.005734308329270021
2024-05-10,-0.0012033859620571574,-0.004453471461674963
2024-05-13,-0.003175638826388716,-0.004319926471981317
2024-05-14,0.0,0.0
2024-05-15,0.0,0.0
2024-05-16,-0.0021385107593440145,-0.0020575449352591146
2024-05-17,0.0,-0.0006229870784761893
2024-05-20,-0.0043289690117860324,0.0
2024-05-21,0.0,0.0
2024-05-22,-0.004852535410780456,-0.002879057466076418
2024-05-23,-0.00414573084964609,-0.010162417481099362
2024-05-24,0.0,-0.0036131471113766134
2024-05-28,0.0,-0.0029167091228317066
2024-05-29,-0.0056184371737402206,-0.009898855883812785
2024-05-30,-0.017673150262828452,-0.016467069743340446
2024-05-31,-0.007190332097292029,-0.007509034632699807
2024-06-03,0.0,-0.006699524012461766
2024-06-04,0.0,-0.005589270783890932
2024-06-05,0.0,0.0
2024-06-06,0.0,-1.8475417871810507e-05
2024-06-07,0.0,-0.0012341111406299898
2024-06-10,0.0,0.0
2024-06-11,-0.006776454549815458,0.0
2024-06-12,-0.0014128128843472476,0.0
2024-06-13,-0.0007909962603064313,0.0
2024-06-14,0.0,0.0
2024-06-17,0.0,0.0
2024-06-18,0.0,0.0
2024-06-20,0.0,-0.0027164171516705915
2024-06-21,-0.007470360763180639,-0.00405348119384652
2024-06-24,-0.00466581682539513,-0.007291159544568382
2024-06-25,0.0,-0.003468273453647641
2024-06-26,-0.002458733779808542,-0.0022244505356403543
2024-06-27,-0.006460708156872608,-0.0006514340154334386
2024-06-28,-0.010168076386163905,-0.004584089302655525
2024-07-01,0.0,-0.0025354062651423703
2024-07-02,0.0,0.0
2024-07-03,0.0,0.0
2024-07-05,0.0,0.0
2024-07-08,-0.0002703912353583249,0.0
2024-07-09,0.0,0.0
2024-07-10,0.0,0.0
2024-07-11,-0.016373331730695107,-0.00862261246117102
2024-07-12,-0.01773229164998702,-0.0023694559344145105
2024-07-15,-0.008574101079252272,0.0
2024-07-16,-0.0032723354253387793,0.0
2024-07-17,-0.017972536148341267,-0.01402117447015827
2024-07-18,-0.028628008805789862,-0.02159834791383075
2024-07-19,-0.03609948621905956,-0.02809552673265281
2024-07-22,-0.025609849919835503,-0.018075264007880176
2024-07-23,-0.0239155613339902,-0.019615434092966844
2024-07-24,-0.05500986512987982,-0.04183338051667196
2024-07-25,-0.06276535477665202,-0.04682569400880454
2024-07-26,-0.05233009571745906,-0.03615052801576013
2024-07-29,-0.05558912744055389,-0.03558399697085168
2024-07-30,-0.056345854598682465,-0.04047028586042223
2024-07-31,-0.043013521993899406,-0.02487352621940997
2024-08-01,-0.05650924801891721,-0.038682099847593854
2024-08-02,-0.07750708620193059,-0.05658028842663687
2024-08-05,-0.1096817250966613,-0.0840562166494152
2024-08-06,-0.10239158632783252,-0.0756117597502367
2024-08-07,-0.10577329223300147,-0.08179014763346715
2024-08-08,-0.08727059709049645,-0.060563547792824024
2024-08-09,-0.08550587901257012,-0.05642108603173879
2024-08-12,-0.08199632425442682,-0.05592527483099541
2024-08-13,-0.06560946709526572,-0.04039945568888792
2024-08-14,-0.05836479101679959,-0.037372072656310706
2024-08-15,-0.05078443749758621,-0.02087250414665487
2024-08-16,-0.045752063662287346,-0.018677320465926406
2024-08-19,-0.034334687175035405,-0.009294308630226955
2024-08-20,-0.04065020561580268,-0.010905308886848375
2024-08-21,-0.04039734314992882,-0.007506343272138505
2024-08-22,-0.044480713781642534,-0.015295786575675319
2024-08-23,-0.03062429346591211,-0.004833111097235276
2024-08-26,-0.031024639500149997,-0.00720525987943077
2024-08-27,-0.031673430254135604,-0.005842275550550946
2024-08-28,-0.035194434551659715,-0.011613500274826327
2024-08-29,-0.03768760488284806,-0.011525017724092645
2024-08-30,-0.03081735253065998,-0.0020890487507969624
2024-09-03,-0.056160365019882086,-0.02262494409160598
2024-09-04,-0.05860000447301872,-0.024625620619038724
2024-09-05,-0.060305674547241006,-0.026997879728604124
2024-09-06,-0.0785517866116161,-0.0433736609291292
2024-09-09,-0.07067943855025105,-0.03266285919557743
2024-09-10,-0.07835571042708789,-0.028449567262957443
2024-09-11,-0.07107073909624118,-0.018482482330520744
2024-09-12,-0.0677379735542134,-0.01021476987806913
2024-09-13,-0.06351208893724647,-0.0050454912844695166
2024-09-16,-0.060293440087439976,-0.003576041043547473
2024-09-17,-0.061393007601662886,-0.003168933048277367
2024-09-18,-0.06202102733302073,-0.0061252652545799036
2024-09-19,-0.04544665450436125,0.0
2024-09-20,-0.04735095733121619,-0.0017285268709690271
2024-09-23,-0.051194425272344746,0.0
2024-09-24,-0.04792303761751182,0.0
2024-09-25,-0.05049433597328601,-0.0022055614600836604
2024-09-26,-0.04647992750213037,0.0
2024-09-27,-0.044675462729777404,-0.0014502546060429777
2024-09-30,-0.03936714756646564,0.0
2024-10-01,-0.04780135714193401,-0.0089585409225309
2024-10-02,-0.04674461563871868,-0.008540023774805894
2024-10-03,-0.04456485121709153,-0.010352803999919336
2024-10-04,-0.03587308059129801,-0.0013593956720671097
2024-10-07,-0.043915415930463,-0.010387671405240884
2024-10-08,-0.03521260684972349,-0.001028371889248203
2024-10-09,-0.028889400068134896,0.0
2024-10-10,-0.029218358804142253,-0.001749953629888945
2024-10-11,-0.022918944981757283,0.0
2024-10-14,-0.012318614957531504,0.0
2024-10-15,-0.02486720172414525,-0.007769734145458451
2024-10-16,-0.015276776058249952,-0.003457113829890557
2024-10-17,-0.017401342316286428,-0.003371414323619759
2024-10-18,-0.0124697626372553,0.0
2024-10-21,-0.013974254933729835,-0.0016422048779181075
2024-10-22,-0.009042558748945995,-0.0021725312007766506
2024-10-23,-0.01932887000406669,-0.011289999118956673
2024-10-24,-0.017021009691057576,-0.009151583098468197
2024-10-25,-0.01866329796412225,-0.009493903957371486
2024-10-28,-0.01167809106382256,-0.006431721123598799
2024-10-29,-0.006783111768711159,-0.004823737703788966
2024-10-30,-0.001299558137518364,-0.007834588350399185
2024-10-31,-0.0215759046296915,-0.02728406711614384
2024-11-01,-0.01964310271636449,-0.023178767476988882
2024-11-04,-0.02745298557472442,-0.025282749483728884
2024-11-05,-0.014275794659952878,-0.01349664550002172
2024-11-06,0.0,0.0
2024-11-07,-0.001012325178237683,0.0
2024-11-08,-0.0005100259773398452,0.0
2024-11-11,-0.006436615853192218,0.0
2024-11-12,-0.008498691626520172,-0.003106343791748234
2024-11-13,-0.011022229754660495,-0.0026220832955031748
2024-11-14,-0.013272539429177388,-0.009035344167888093
2024-11-15,-0.020543357907588544,-0.021728323324556764
2024-11-18,-0.018571111635009574,-0.01771997042763207
2024-11-19,-0.014479846690319542,-0.01412915861424946
2024-11-20,-0.0180275587711346,-0.013795146499954725
2024-11-21,-0.012334559961123537,-0.0085008625273999
2024-11-22,-0.010741850264167963,-0.0054278265606558795
2024-11-25,-0.008657235838639199,-0.002054293830010767
2024-11-26,-0.003834387317437682,0.0
2024-11-27,-0.0038356999160563676,-0.003030163234722827
2024-11-29,0.0,0.0
2024-12-02,-0.004144143541812917,0.0
2024-12-03,-0.00373631179770495,0.0
2024-12-04,-0.0058696125933089816,0.0
2024-12-05,-0.007244291115602874,-0.0016456003578503298
2024-12-06,-0.013524418221573908,0.0
2024-12-09,-0.017603084944821545,-0.0051497285097473755
2024-12-10,-0.024480351738450756,-0.008242836582493696
2024-12-11,-0.02603158935364669,-0.0005758946094466255
2024-12-12,-0.0298416512965064,-0.005725418683762973
2024-12-13,-0.032987059819881925,-0.005923005527934233
2024-12-16,-0.039204730994949255,-0.001678108236294662
2024-12-17,-0.04335856482904121,-0.005791349110297106
2024-12-18,-0.06477073254219823,-0.03542222049587884
2024-12-19,-0.06192706129170622,-0.03571834521784656
2024-12-20,-0.04559613491944314,-0.02413636252126139
2024-12-23,-0.036649754358050624,-0.01829267794059941
2024-12-24,-0.026514698078271115,-0.00738114124035083
2024-12-26,-0.024189162348649096,-0.007315006378385558
2024-12-27,-0.03230375838606492,-0.017764416786602122
2024-12-30,-0.039849461641731754,-0.02897340703912077
2024-12-31,-0.040940195799687884,-0.03250605128876094
2025-01-02,-0.041462428874704416,-0.034883124264032506
2025-01-03,-0.03384696046418045,-0.02281581185398418
2025-01-06,-0.025381119342136604,-0.017186682258275687
2025-01-07,-0.029373245946272886,-0.028296419108988724
2025-01-08,-0.029803813963972137,-0.02687692169305267
2025-01-10,-0.044896216548650725,-0.04173385777835936
2025-01-13,-0.038888420429598836,-0.04024812328274252
2025-01-14,-0.03978695654824038,-0.03892757261546542
2025-01-15,-0.01867601444604905,-0.021445787812377604
2025-01-16,-0.02272902518040454,-0.023327615955776815
2025-01-17,-0.018096600553299202,-0.01352187050242093
2025-01-21,-0.014089546615167592,-0.004492161945571449
2025-01-22,-0.01712670550486406,0.0
2025-01-23,-0.006694749077925,0.0
2025-01-24,-0.005257238533971753,-0.002919177000467954
2025-01-27,0.0,-0.01702325186528364
2025-01-28,0.0,-0.008577176922476837
2025-01-29,0.0,-0.013021747289814312
2025-01-30,0.0,-0.007724455525658813
2025-01-31,0.0,-0.013005194522435204
2025-02-03,0.0,-0.019647322473092865
2025-02-04,0.0,-0.013070796287630415
2025-02-05,0.0,-0.00906929171216131
2025-02-06,0.0,-0.0056253005901313324
2025-02-07,-0.0071425664411221,-0.014727190083450137
2025-02-10,-0.00961019466572921,-0.008036114685696205
2025-02-11,-0.008914374411027048,-0.007281592835230666
2025-02-12,-0.010964037549837213,-0.010479831214578628
2025-02-13,-0.006036271578304775,-3.280088259716152e-05
2025-02-14,-0.0033260536739205815,-8.184988041348706e-05
2025-02-18,-0.0051918365705507785,0.0
2025-02-19,-0.004630137644122678,0.0
2025-02-20,-0.02178609364302264,-0.004160364461746946
2025-02-21,-0.03789759870177656,-0.021193188729132006
2025-02-24,-0.04167950190860814,-0.025647027494248742
2025-02-25,-0.04700666300565548,-0.030492939846758937
2025-02-26,-0.047534672140762346,-0.03000337823776411
2025-02-27,-0.052190223347019504,-0.04548629449747299
2025-02-28,-0.03218269872627022,-0.030590730939930144
2025-03-03,-0.05322440047201571,-0.047574760684586326
2025-03-04,-0.07320216331730367,-0.058848416935962655
2025-03-05,-0.06346255957956348,-0.04873310022415178
2025-03-06,-0.08459421778045773,-0.06561913682792364
2025-03-07,-0.08250634922271705,-0.06038195907887267
2025-03-10,-0.11562649520793855,-0.08540930623684928
2025-03-11,-0.11801179496912395,-0.09301226065933021
2025-03-12,-0.10758056963296647,-0.08819918106020896
2025-03-13,-0.12071124948743794,-0.10035396738869096
2025-03-14,-0.09861743895507569,-0.08177103306591649
2025-03-17,-0.09195680302786347,-0.07469037198196293
2025-03-18,-0.09873706250850933,-0.08469132968812343
2025-03-19,-0.08940889499666771,-0.07472300268763898
2025-03-20,-0.08579933113644955,-0.07739872055306152
2025-03-21,-0.08392504915311738,-0.0770943356731808
2025-03-24,-0.06438569394230231,-0.06056642864099093
2025-03-25,-0.06280392048431138,-0.05830814135096396
2025-03-26,-0.07797062123519205,-0.06955027815908688
2025-03-27,-0.08742421045038351,-0.07202132169107489
2025-03-28,-0.10798448109350323,-0.09070921980083768
2025-03-31,-0.10026769474773989,-0.08460545941002895
2025-04-01,-0.10644272024842649,-0.08201995584853394
2025-04-02,-0.10092221312504712,-0.07621057897580419
2025-04-03,-0.14753265652887382,-0.12173566663420454
2025-04-04,-0.20199958871902568,-0.1731518594653092
2025-04-07,-0.19845660069394522,-0.1746246357584853
2025-04-08,-0.21226796639259238,-0.18755225458981695
2025-04-09,-0.14122447122133852,-0.10222957630998664
2025-04-10,-0.1707413879645796,-0.1415690742537471
2025-04-11,-0.1518025140346041,-0.12625214019040198
2025-04-14,-0.1433686918417787,-0.11777563248005918
2025-04-15,-0.142124538401889,-0.12024657498819058
2025-04-16,-0.16439206877913026,-0.1398017629067071
2025-04-17,-0.16347579322522243,-0.13857442407309628
2025-04-21,-0.1812218180814874,-0.1590786806122696
2025-04-22,-0.15922456580368827,-0.13719989348044592
2025-04-23,-0.14466832668885032,-0.1238303963004258
2025-04-24,-0.1275094524038567,-0.1053878851383
2025-04-25,-0.11830265469195167,-0.09892407572263395
2025-04-28,-0.11666704509218628,-0.09858049358639964
2025-04-29,-0.11240898086276696,-0.09290194260794316
2025-04-30,-0.11128331060434415,-0.09254199460694257
2025-05-01,-0.10732973191862982,-0.0861110179446658
2025-05-02,-0.09747931934716025,-0.07254513038745092
2025-05-05,-0.10412814000921744,-0.07786332926948047
2025-05-06,-0.12067722164167682,-0.08557094440738011
2025-05-07,-0.125255161522125,-0.08172526925888501
2025-05-08,-0.12109727412564109,-0.07532692330228408
2025-05-09,-0.1268125726376016,-0.07650516454159617
2025-05-12,-0.0982606037165561,-0.04598605951598267
2025-05-13,-0.10319504285706005,-0.03968580772412267
2025-05-14,-0.11059695684032167,-0.03845846889051174
2025-05-15,-0.10093179025588273,-0.03376186979802931
2025-05-16,-0.0937622910072714,-0.027641844566310914
2025-05-19,-0.09132479679482042,-0.026578164380362423
2025-05-20,-0.09133951530377182,-0.029851034262039167
2025-05-21,-0.10245766667909373,-0.04619871473408732
2025-05-22,-0.09955213166362886,-0.04582219882060745
2025-05-23,-0.10417713188375355,-0.05233540890214183
2025-05-27,-0.08934815329009926,-0.03263282717687266
2025-05-28,-0.09688437129856409,-0.03822934678378476
2025-05-29,-0.0934029816344929,-0.034432971277301605
2025-05-30,-0.09093777000113556,-0.03551291630415987
2025-06-02,-0.08681812541870082,-0.030080055344910206
2025-06-03,-0.08395712382317988,-0.024548999197062993
2025-06-04,-0.0815287971108194,-0.02481075200946603
2025-06-05,-0.08208538319339365,-0.029523716966714852
2025-06-06,-0.06906866243910448,-0.019557814538788354
2025-06-09,-0.06822670308053258,-0.018674158865268353
2025-06-10,-0.06203264310530876,-0.013110370987888587
2025-06-11,-0.06274023691769826,-0.015925097679967415
2025-06-12,-0.06029614704502806,-0.012013959072407543
2025-06-13,-0.07409159407367216,-0.023059806527192195
2025-06-16,-0.06358179056437374,-0.01376500557853777
2025-06-17,-0.07013273371348061,-0.02219251671843836
2025-06-18,-0.07109613194372333,-0.022339809501334407
2025-06-20,-0.07715371366615309,-0.02463587971372283
2025-06-23,-0.06871759037712166,-0.015001739630810529
2025-06-24,-0.05531256482663227,-0.004120156966827548
2025-06-25,-0.04835863559232123,-0.0035622022069269343
2025-06-26,-0.03695818084023694,0.0
2025-06-27,-0.03384899214083925,0.0
2025-06-30,-0.026596985754857472,0.0
2025-07-01,-0.024624612800697165,-0.0003236793082249667
2025-07-02,-0.024984803289811452,0.0
2025-07-03,-0.015823261390534138,0.0
2025-07-07,-0.02332352820151551,-0.0074520170832973465
2025-07-08,-0.0308534435123905,-0.00799565171043115
2025-07-09,-0.026780892577508375,-0.0020469718822878624
2025-07-10,-0.0230932382263912,0.0
2025-07-11,-0.02680579546747741,-0.0035154238705954466
2025-07-14,-0.023719111830666995,-0.001613916129276416
2025-07-15,-0.03126000508102089,-0.005880284581932238
2025-07-16,-0.025735586790874287,-0.0025567523786057533
2025-07-17,-0.022556677446246898,0.0
2025-07-18,-0.023052749618719837,-0.0007325109099923788
2025-07-21,-0.022014196183924195,0.0
2025-07-22,-0.023439033681476595,0.0
2025-07-23,-0.009314151236369694,0.0
2025-07-24,-0.010387422497255216,0.0
2025-07-25,-0.00674936501503498,0.0
2025-07-28,-0.0073254578651557045,-0.00025100355530394136
2025-07-29,-0.017042269258622955,-0.002887990098209281
2025-07-30,-0.01255536901758203,-0.004143684173762208
2025-07-31,-0.01264736900038066,-0.007879366802470922
2025-08-01,-0.034118669704393256,-0.02414059058875817
2025-08-04,-0.012792635958636,-0.009307806973822053
2025-08-05,-0.016016964601453854,-0.014330486661885966
2025-08-06,-0.015414158960427637,-0.006780670716667769
2025-08-07,-0.01994257039244962,-0.0076126151411183285
2025-08-08,-0.006965950365151463,0.0
2025-08-11,-0.00634359393619377,-0.001977539647394999
2025-08-12,0.0,0.0
2025-08-13,-0.00040809590862789236,0.0
2025-08-14,0.0,0.0
2025-08-15,0.0,-0.002341289856780615
2025-08-18,0.0,-0.002558411755695378
2025-08-19,-0.010200205020069242,-0.007969662105834274
2025-08-20,-0.012542273642634383,-0.010605474239560264
2025-08-21,-0.013934309928733235,-0.014574844304510726
2025-08-22,0.0,0.0
2025-08-25,-0.0010395987348693625,-0.004400871742317181
2025-08-26,0.0,-0.00023245317170283997
2025-08-27,0.0,0.0
2025-08-28,0.0,0.0
2025-08-29,-0.001451304601639336,-0.0059636816039791984
2025-09-02,-0.008980619084911878,-0.013329784516566856
2025-09-03,-0.001063780996971908,-0.007982466366313501
2025-09-04,0.0,0.0
2025-09-05,-0.009991549883138884,-0.002896148488535255
2025-09-08,-0.007806867355051206,-0.0004467210899576912
2025-09-09,0.0,0.0
2025-09-10,0.0,0.0
2025-09-11,0.0,0.0
2025-09-12,0.0,-0.0003347065098450175
2025-09-15,0.0,0.0
2025-09-16,-0.004464813982149263,-0.0013767927852816886
2025-09-17,-0.0025956207777718676,-0.00261761063540078
2025-09-18,0.0,0.0
2025-09-19,0.0,0.0
2025-09-22,0.0,0.0
2025-09-23,-0.0024255103595024474,-0.005443566388828924
2025-09-24,-0.006203099220042918,-0.008607880408518453
2025-09-25,-0.008401542007533847,-0.013181665462344783
2025-09-26,-0.003752025780188961,-0.00752804075978164
2025-09-29,0.0,-0.004738830871760635
2025-09-30,-0.00022062492590924077,-0.0009898146571365452
2025-10-01,0.0,0.0
2025-10-02,-0.003025456265655313,0.0
2025-10-03,0.0,-1.4767362221612679e-05
2025-10-06,-0.0013851754458577004,0.0
2025-10-07,-0.0036165485563955935,-0.003707492250961897
2025-10-08,-0.0037558592349139497,0.0
2025-10-09,-0.003619931243930785,-0.0028970083792373424
2025-10-10,-0.026417878566100672,-0.029846536434430804
2025-10-13,-0.010793824318035217,-0.014960429225605587
2025-10-14,-0.016037855406647705,-0.016163807548837172
2025-10-15,-0.004290974377301526,-0.011796043971276093
2025-10-16,-0.012952328950089687,-0.018525970985231788
2025-10-17,-0.008279543363948094,-0.01295473789178081
2025-10-20,0.0,-0.002688997924911174
2025-10-21,-0.008978821739494824,-0.002703862328267137
2025-10-22,-0.016638840642370423,-0.007888712127118946
2025-10-23,-0.012377589302746461,-0.0020056001411663527
2025-10-24,0.0,0.0
2025-10-27,0.0,0.0
2025-10-28,0.0,0.0
2025-10-29,-0.001100566328940178,0.0
2025-10-30,0.0,-0.010998143937076987
2025-10-31,-0.005679940266926975,-0.0077541192139796156
2025-11-03,-0.012165737528458509,-0.0058918947156456625
2025-11-04,-0.019006545981696488,-0.01767559484874459
2025-11-05,-0.01561115065598273,-0.014271458467187581
2025-11-06,-0.021308445329613845,-0.024847668446528304
2025-11-07,-0.024251102320907547,-0.02388762358311658
2025-11-10,-0.010737749195385726,-0.008656030954325211
2025-11-11,0.0,-0.006386606699953834
2025-11-12,0.0,-0.00583367229438736
2025-11-13,-0.016065153928857323,-0.02233088820000284
2025-11-14,-0.02456475025565208,-0.022490999858462257
2025-11-17,-0.027079034297924354,-0.03159789738476826
2025-11-18,-0.03150787058226745,-0.0397301051441562
2025-11-19,-0.026915435423061074,-0.03602039034918714
2025-11-20,-0.03750258328949874,-0.05071360417772652
2025-11-21,-0.024005429469075357,-0.04125755072025683
2025-11-24,-0.010410195862964544,-0.027146293209720618
2025-11-25,0.0,-0.017995639569278854
2025-11-26,0.0,-0.011216388718601977
2025-11-28,0.0,-0.0058192059872649304
2025-12-01,-0.00782841648768351,-0.010358143794199748
2025-12-02,-0.004912482021076303,-0.00852503050649478
2025-12-03,0.0,-0.0050917829143087845
2025-12-04,0.0,-0.004364449139544924
2025-12-05,0.0,-0.00247320272877416
2025-12-08,-0.0013146475682804803,-0.005470050056101461
2025-12-09,-0.008223021364767269,-0.006328384278695975
2025-12-10,0.0,0.0
2025-12-11,0.0,0.0
2025-12-12,-0.005583096557632561,-0.01075196892753394
2025-12-15,-0.004363831454030076,-0.012246611691792086
2025-12-16,-0.010877121246423815,-0.014945447899394892
2025-12-17,-0.020948538252553384,-0.025784613970496473
2025-12-18,-0.01601281908204588,-0.01842798958835823
2025-12-19,-0.00407351292016056,-0.009531565187836377
2025-12-22,0.0,-0.003361053533880165
2025-12-23,0.0,0.0
2025-12-24,0.0,0.0
2025-12-26,-0.0005313013694726587,-0.00010141503224325721
2025-12-29,-0.007897213218840404,-0.003664681833828509
2025-12-30,-0.009712277849744932,-0.004881307622731534
2025-12-31,-0.014904304432089566,-0.01225410954720596
2026-01-02,-0.005471881068801143,-0.010443532083452278
2026-01-05,0.0,-0.0038529733797066923
2026-01-06,0.0,0.0
2026-01-07,-0.005842670893228097,-0.0032233567922274053
2026-01-08,-0.0031360014397801006,-0.003324562198152914
2026-01-09,-0.001258979811419536,0.0
2026-01-12,-0.002751515671931548,0.0
2026-01-13,-0.010356613038493445,-0.0019994751058702853
2026-01-14,-0.013817678442443415,-0.006904884552784929
2026-01-15,-0.0011825204015669666,-0.004200473637275937
2026-01-16,-0.008825851953417452,-0.005034828160561333
2026-01-20,-0.020091637581425292,-0.025289120966087042
2026-01-21,-0.011843422396291547,-0.014039905512013617
2026-01-22,-0.002082230476697422,-0.008890009148230349
2026-01-23,-0.00659220810244765,-0.008530454028140011
2026-01-26,0.0,-0.003495625867578789
2026-01-27,-0.01223801349903908,0.0
2026-01-28,-0.01023518876826468,-0.0001006699036497638
2026-01-29,-0.0048769072681493775,-0.0020848525850296618
2026-01-30,-0.0074556168313222315,-0.005061214605266762
2026-02-02,0.0,-0.00011501360495647095
2026-02-03,-0.008388431081795766,-0.008569437550032255
2026-02-04,-0.006371757961074587,-0.013371849544604797
2026-02-05,-0.017450576491843672,-0.02569405694695792
2026-02-06,0.0,-0.007002278184558897
2026-02-09,0.0,-0.002214209891292951
2026-02-10,-0.005142473197322639,-0.004845531096660194
2026-02-11,-0.008795751413445907,-0.005075470308406049
2026-02-12,-0.027571546615501985,-0.020445934233865204
2026-02-13,-0.02946003017584775,-0.019755852604125046
2026-02-17,-0.026411096428996417,-0.01817426153917745
2026-02-18,-0.016931802640083538,-0.013228060538866937
2026-02-19,-0.023832505984852315,-0.015830606343453013
2026-02-20,-0.018204342374980698,-0.00871322655576967
2026-02-23,-0.028525515376688015,-0.01883556776813622
2026-02-24,-0.023195069628929144,-0.01170402027548123
2026-02-25,-0.011901923397393821,-0.0033644339390273004
2026-02-26,-0.018297822871085723,-0.008900222661762935
2026-02-27,-0.036670657518151906,-0.013659427556080184
2026-03-02,-0.03422794929890649,-0.013098615234436117
2026-03-03,-0.037813911849782,-0.021797498088899525
2026-03-04,-0.033648886591350236,-0.014895977806157923
2026-03-05,-0.04829309749667565,-0.020388471430470623
2026-03-06,-0.05934936413537939,-0.03322837205237994
2026-03-09,-0.052604792865381333,-0.024759428409662276
2026-03-10,-0.049870023850611234,-0.026326763771470696
2026-03-11,-0.05077683738982108,-0.027548882322074086
2026-03-12,-0.06870223533018005,-0.04231550282196883
2026-03-13,-0.07800636549801876,-0.0477361019434126
2026-03-16,-0.06958347021207945,-0.03804503975009177
2026-03-17,-0.06736792544734715,-0.03551456444470957
2026-03-18,-0.07916640885383586,-0.04897265219349012
2026-03-19,-0.08174163480620755,-0.051316307389214444
2026-03-20,-0.08758653844398556,-0.06491642418038235
2026-03-23,-0.08455286553378849,-0.0550980286386511
2026-03-24,-0.08662803912722483,-0.058269922587131595
2026-03-25,-0.07942072287908564,-0.05302188787220663
2026-03-26,-0.08617132486221035,-0.06993372770005402
2026-03-27,-0.10408538996345296,-0.08579310944428842
2026-03-30,-0.09959082765353688,-0.08884972579330963
2026-03-31,-0.07610437281677118,-0.0623644773221238
2026-04-01,-0.06924210949951781,-0.05529989643495614
2026-04-02,-0.06796110254029586,-0.05444921814948078
2026-04-06,-0.06441261199571269,-0.049979791220827074
2026-04-07,-0.05989872451868261,-0.04956171192691028
2026-04-08,-0.04044405160894038,-0.025354472018474183
2026-04-09,-0.038728721778097164,-0.019731653108055136
2026-04-10,-0.04534459560666515,-0.02038037559905792
2026-04-13,-0.033880189271841665,-0.01080714295205465
2026-04-14,-0.028232960251167172,0.0
2026-04-15,-0.020115255785990493,0.0
2026-04-16,-0.022702256200798465,0.0
2026-04-17,-0.009831875305829518,0.0
2026-04-20,-0.013497354195688982,-0.001999667552905704
