Date,Strategy_Return,SPY_Return
2020-02-04,0.01875519847388315,0.015241441042689985
2020-02-05,0.017788950400806403,0.011547807696542733
2020-02-06,0.004840321503261946,0.0033649701997331416
2020-02-07,-0.0003156843933155518,-0.0053296407234425525
2020-02-10,0.012043987450518656,0.007465168144460854
2020-02-11,0.0024460173040062537,0.0017332526989841668
2020-02-12,0.012535560154939906,0.0064428071008633125
2020-02-13,-0.006422433489053958,-0.0010671745980973535
2020-02-14,0.004956588745638757,0.0016024224775865736
2020-02-18,-0.0023027763544910874,-0.0025772425967209855
2020-02-19,0.01392949262828821,0.00478113591919227
2020-02-20,-0.012415101759169989,-0.004108155334324626
2020-02-21,-0.015566950188431794,-0.010297938341009893
2020-02-24,-0.04546633483015907,-0.03316584665721434
2020-02-25,-0.03325672666711146,-0.030301922390157165
2020-02-26,-0.0003435266480577903,-0.0036782922333646884
2020-02-27,-0.0480922128030218,-0.044911701351803224
2020-02-28,0.003149197150817196,-0.004201425056571284
2020-03-02,0.051859417704478064,0.04330640986175238
2020-03-03,-0.03216893844766755,-0.02863236274415537
2020-03-04,0.05335077434907472,0.04203274165175519
2020-03-05,-0.02819765997974354,-0.03324145729493366
2020-03-06,-0.015542935249619949,-0.016531102747370574
2020-03-09,-0.061291796408933265,-0.07809445909419377
2020-03-10,0.04826110903613719,0.0517449674481949
2020-03-11,-0.04452171388077286,-0.04874859266895726
2020-03-12,-0.08283928398384337,-0.09567723037773745
2020-03-13,0.10115959987066932,0.08548668700097961
2020-03-16,-0.12489935113635772,-0.10942397636291978
2020-03-17,0.06093119541481805,0.05399204673164726
2020-03-18,-0.044482843174473506,-0.050632928113418685
2020-03-19,-0.002366780308290628,0.0021250329155737546
2020-03-20,-0.03805645350276722,-0.043094490309932176
2020-03-23,-0.03441691508014032,-0.025567975711580204
2020-03-24,0.08827788158169406,0.0906032171052813
2020-03-25,0.004739176771971121,0.014970252624506353
2020-03-26,0.06692065654099026,0.05838982691742434
2020-03-27,-0.03610897583214021,-0.029785557938478147
2020-03-30,0.049005647762179326,0.03247571246683845
2020-03-31,-0.005884666091098267,-0.014905515169397865
2020-04-01,-0.0456774402045629,-0.045004880942736136
2020-04-02,0.028942667740038463,0.02307545920085574
2020-04-03,-0.01628112476369973,-0.014454326245865623
2020-04-06,0.06495818352930845,0.06716638320042856
2020-04-07,-0.009430420282361806,0.00101923600355458
2020-04-08,0.037831997515901675,0.033568736237137964
2020-04-09,0.00727187938907361,0.01521730952830791
2020-04-13,-0.002301214312918387,-0.009129986554666347
2020-04-14,0.03492410575377079,0.02949243022485737
2020-04-15,-0.0075196531236466965,-0.021247948553602347
2020-04-16,0.013511703902508354,0.0048243585554927915
2020-04-17,0.01341580996786026,0.0270154471861912
2020-04-20,-0.01576776713683118,-0.017618077929731024
2020-04-21,-0.03623395300356593,-0.03036317034839786
2020-04-22,0.025206898048289083,0.022194545871595528
2020-04-23,0.006675099413197172,-7.184516463010215e-05
2020-04-24,0.014643042576798404,0.013938725470369784
2020-04-27,0.015281403292850793,0.014418308453602258
2020-04-28,-0.017704312369150665,-0.004598196736157023
2020-04-29,0.023076556636573063,0.026178286039614695
2020-04-30,-0.0030277850932880824,-0.009310366652653168
2020-05-01,-0.018421537108528906,-0.02647365857371531
2020-05-04,0.007780177545621991,0.0027585912189973527
2020-05-05,0.015378947458088332,0.009239354529483546
2020-05-06,-0.00033362435993306017,-0.006779047188845477
2020-05-07,0.00408576259181046,0.01206702472549348
2020-05-08,0.011931459590645488,0.016545893427122316
2020-05-11,0.015006651397233894,0.00020536305213325612
2020-05-12,-0.014371699767790302,-0.019931448474729163
2020-05-13,-0.01702813754882996,-0.017685831982916955
2020-05-14,0.016386045877793066,0.011967073923808691
2020-05-15,0.010834644945436345,0.004597041257571544
2020-05-18,0.018901009192855533,0.03045930985121381
2020-05-19,-0.005829869682580024,-0.010270766045082702
2020-05-20,0.016472232211321835,0.01698797050701928
2020-05-21,-0.005530591707752053,-0.006904040434533076
2020-05-22,0.0042247016056082606,0.0018991728257404805
2020-05-26,0.0034434407929448186,0.012320380458508584
2020-05-27,0.0064423160083860505,0.014879121498783787
2020-05-28,-0.004014225760913615,-0.0018448313822804208
2020-05-29,0.010422038905662212,0.004455853150578726
2020-06-01,0.004193407293152085,0.004041503547974834
2020-06-02,0.006657881661327858,0.008280161696103239
2020-06-03,0.00717907189456638,0.01330823534279979
2020-06-04,-0.003183353888004503,-0.002626499033540286
2020-06-05,0.025253692527213035,0.025629368012219933
2020-06-08,0.0040971438533560335,0.01208755862316746
2020-06-09,0.007610404177763019,-0.007456754184627434
2020-06-10,0.0040744895890722724,-0.0055797832105817236
2020-06-11,-0.0609468878909458,-0.057649192278972694
2020-06-12,0.015020429345187191,0.01197585744886398
2020-06-15,0.01127870323241421,0.009335367820672902
2020-06-16,0.015642102969098716,0.019247871117619164
2020-06-17,-0.0018444924290136,-0.004153968945000752
2020-06-18,-0.0015509557764268544,0.00038518367967377287
2020-06-19,-0.0028430476252683467,-0.005714942854298299
2020-06-22,0.012577115797457595,0.006415409233605729
2020-06-23,0.009335311907179655,0.00460352607836545
2020-06-24,-0.026593896735136846,-0.025508956246588665
2020-06-25,0.020435697370646943,0.010720743390092213
2020-06-26,-0.042969616397435774,-0.023751522533495772
2020-06-29,0.013669119888040449,0.01469741145118042
2020-06-30,0.018850291454062494,0.012810044805193321
2020-07-01,0.006361837375554314,0.0070044553635599804
2020-07-02,0.002200176266655407,0.005507234991858567
2020-07-06,0.018989110369490268,0.015437173264548631
2020-07-07,-0.010609538474710401,-0.010313994424377637
2020-07-08,0.012469604835083248,0.007648754158248394
2020-07-09,-0.0034452063386851027,-0.0056929949650792455
2020-07-10,0.011185636127627352,0.010210345910504959
2020-07-13,-0.00755840389357818,-0.008658631306391107
2020-07-14,0.012998270991668193,0.012958923602118144
2020-07-15,0.004368427613112069,0.00918736309019419
2020-07-16,-0.007513019889966499,-0.003293714686175897
2020-07-17,-0.002755666314573968,0.0028992519727957244
2020-07-20,0.014061327197255257,0.008081862452996802
2020-07-21,-0.003340777840586562,0.0021272792350315317
2020-07-22,0.0034507684852135624,0.0056918904290752526
2020-07-23,-0.018326572795328955,-0.011931553594659916
2020-07-24,-0.005890679471265758,-0.006440645528079991
2020-07-27,0.006438463588693477,0.007292451244254261
2020-07-28,-0.006409580264689829,-0.006341998321058306
2020-07-29,0.01772881713066472,0.012298232682862897
2020-07-30,-0.004074411774238185,-0.0035676157840870415
2020-07-31,0.011821723246429616,0.007902118614626419
2020-08-03,0.011751802612491213,0.006952388790376407
2020-08-04,-0.0021556734590444603,0.003862656586476332
2020-08-05,0.005760067365129862,0.006210968020139207
2020-08-06,0.01341487649496087,0.006683988633069182
2020-08-07,0.0018235935312804542,0.0007181483320353177
2020-08-10,-6.823517894789521e-05,0.0029889847686750404
2020-08-11,-0.009679933460879475,-0.00825448432447784
2020-08-12,0.019961435015381324,0.013942231197965782
2020-08-13,-0.0007681202993822245,-0.0018078171636253249
2020-08-14,0.0015448784470476705,2.973345576062769e-05
2020-08-17,0.004158060638841432,0.003176675062438461
2020-08-18,-0.0008272164032851692,0.002160083269287849
2020-08-19,-0.0024595387874644103,-0.004163372473231619
2020-08-20,0.005903468506285503,0.00311340833675966
2020-08-21,0.007893137117748006,0.003547346647241989
2020-08-24,0.007547441666145682,0.010133374356118274
2020-08-25,0.006652628295763197,0.0034991544890732307
2020-08-26,0.009495174265678464,0.01002565051995008
2020-08-27,0.0012372756432889932,0.002186492229117931
2020-08-28,0.008030672907633495,0.006459574520577771
2020-08-31,-0.0009573790803923177,-0.00362276516401816
2020-09-01,0.007598079210160457,0.00941870990415139
2020-09-02,0.017106185235261872,0.014463913895953917
2020-09-03,-0.04332821509199238,-0.0344141369003067
2020-09-04,-0.007954644426205072,-0.008164681248516659
2020-09-08,-0.037796258281698594,-0.027322988559757122
2020-09-09,0.02178507874942307,0.01974730339840547
2020-09-10,-0.019770465679078954,-0.017363847318531578
2020-09-11,-0.0011571552019860709,0.0005093256083470443
2020-09-14,0.015188699758538204,0.013171213105553914
2020-09-15,0.0037622089315716865,0.0050524147995831825
2020-09-16,-0.011496431448505196,-0.003968773732965669
2020-09-17,-0.012549122141191393,-0.008795456565263038
2020-09-18,-0.01091358947381076,-0.011512425414004102
2020-09-21,-0.006705507685105539,-0.011129360407518663
2020-09-22,0.007886175099867864,0.01018391868169366
2020-09-23,-0.0260870445076976,-0.023190717015283635
2020-09-24,0.010076779566771266,0.002665324395927149
2020-09-25,0.01648736242481702,0.01616701245182761
2020-09-28,0.014728467059950078,0.016609527632288845
2020-09-29,-0.0014460427083980098,-0.005446085682559554
2020-09-30,0.011745365982460731,0.007582117818591083
2020-10-01,0.004247234366931407,0.006419817215353563
2020-10-02,-0.015833733967341668,-0.009494405635321113
2020-10-05,0.020678279553304302,0.01773302965372947
2020-10-06,-0.017060137277302333,-0.014216012776330667
2020-10-07,0.013623389338649806,0.017406783426155092
2020-10-08,0.005288415405769198,0.008862483829611634
2020-10-09,0.009038567996448987,0.0089299984687492
2020-10-12,0.025399234453776554,0.016087881823447114
2020-10-13,-0.003034030420259126,-0.006526366507612957
2020-10-14,-0.009314087331246623,-0.0062833998961009385
2020-10-15,-0.005153908970933907,-0.0012358424786718114
2020-10-16,0.006017039381564915,-0.0006041435703567632
2020-10-19,-0.019181400132386728,-0.015203628076470466
2020-10-20,0.006602306544226366,0.0040058998850383
2020-10-21,0.000417735375183792,-0.0018927560328362292
2020-10-22,0.005062371233539875,0.0054850122726453066
2020-10-23,0.009500108616917613,0.0033953169827085627
2020-10-26,-0.02076045909189378,-0.018480188026613664
2020-10-27,-0.0005688540889405402,-0.0034469569728393656
2020-10-28,-0.045167902862021145,-0.034179200623581485
2020-10-29,0.017531343283167654,0.01016365369079475
2020-10-30,-0.008076390652430066,-0.010425146938163099
2020-11-02,0.00709532735677929,0.01120864784645681
2020-11-03,0.018553293457276722,0.017655927559330875
2020-11-04,0.0335982786792155,0.02234939160582794
2020-11-05,0.02133499775743699,0.019502633166445627
2020-11-06,0.002178462509974699,-0.00022860004654723376
2020-11-09,0.01534243987838646,0.01256600549292064
2020-11-10,-0.010233158006046229,-0.0014666815105185416
2020-11-11,0.011207507949601226,0.007428240126203134
2020-11-12,-0.00844738887887645,-0.009700683377732222
2020-11-13,0.008697467246369139,0.013844592567986203
2020-11-16,0.007892312508552402,0.012482372886435611
2020-11-17,-0.0042082069644044815,-0.005378184986282397
2020-11-18,-0.011412826390524355,-0.012034821366949888
2020-11-19,0.0026376932673435327,0.004210074999064339
2020-11-20,-0.010529558269101402,-0.006847816975390497
2020-11-23,0.0011166130884703862,0.0059944722997473665
2020-11-24,0.016973298862474884,0.016113775153511645
2020-11-25,0.0025353567714092697,-0.001541837443147509
2020-11-27,0.0028271677917861117,0.0027849671144395405
2020-11-30,-0.003581951041038878,-0.004427060324762144
2020-12-01,0.0171609773387416,0.010937282909232682
2020-12-02,0.015232345809747328,0.0021039776168154667
2020-12-03,-0.006520092356800189,-0.0002725873928913769
2020-12-04,0.007508302253136201,0.008617439001704419
2020-12-07,0.00166515673497577,-0.0020547735476479367
2020-12-08,0.0021861427984156355,0.0029259910853782767
2020-12-09,-0.009154814028998693,-0.008968922935939094
2020-12-10,-0.0019819273139633164,-0.0003270155496611915
2020-12-11,-0.008665235872339926,-0.0011724882775858703
2020-12-14,-0.010460900482279678,-0.004477330509083943
2020-12-15,0.011854841329978905,0.01351957567787232
2020-12-16,-0.0004083480574383791,0.0015692431548370855
2020-12-17,0.0016158555954136067,0.005591936284868204
2020-12-18,-0.00672007012836433,-0.003992774692745837
2020-12-21,0.014260176077163556,-0.0035755455310875206
2020-12-22,-0.009339967259933735,-0.0016852454183754473
2020-12-23,0.008959846666075976,0.0008986306750218276
2020-12-24,0.00047609973681663755,0.0038905106162521186
2020-12-28,0.011169772544142387,0.008590485852798757
2020-12-29,-0.001122755698500766,-0.0019077798644533406
2020-12-30,-0.002227470599659809,0.0014270172039851925
2020-12-31,0.007606726928307439,0.005080679459031456
2021-01-04,-0.006146385572364366,-0.013614024049309004
2021-01-05,0.005737753607570251,0.006887272852041715
2021-01-06,0.02391285422020789,0.005978532336125664
2021-01-07,0.016411908876887815,0.01485763640335036
2021-01-08,0.0011310076472294205,0.005697837680458173
2021-01-11,0.0042327434971668795,-0.006741110853832444
2021-01-12,0.00031933854752306254,0.00021139419928073444
2021-01-13,0.000990980566702837,0.0026929321673625495
2021-01-14,-6.226990252534703e-05,-0.0035021559397639956
2021-01-15,-0.00996507565309035,-0.007292595380749889
2021-01-19,0.0029550907852946783,0.007852072160883461
2021-01-20,0.0023718040377687212,0.013838517785002669
2021-01-21,-0.0038489768353054286,0.0009117456355205444
2021-01-22,-0.00443540833026006,-0.003539575366985237
2021-01-25,-0.004230149067077471,0.003944196473674166
2021-01-26,-0.0020474329486718677,-0.001561092974876943
2021-01-27,-0.03434121765256768,-0.024440497481348245
2021-01-28,0.01153146299598915,0.008600233353103448
2021-01-29,-0.018357444840741043,-0.020019716058205073
2021-02-01,0.014054813062617955,0.01664560472803167
2021-02-02,0.02056528219478553,0.0141403071246895
2021-02-03,0.013641224500524528,0.0007862276221326514
2021-02-04,0.014718008868609689,0.011365718217136722
2021-02-05,0.00310688084905516,0.003935855913057562
2021-02-08,0.012234861830528198,0.007222014787818365
2021-02-09,-0.003009851996886337,-0.0006659421024076684
2021-02-10,0.0037862332237742157,-0.0004353810663753066
2021-02-11,0.0011144321003767944,0.0016148807021167944
2021-02-12,0.005205038423731945,0.0049399477973279815
2021-02-16,0.008816466807856782,-0.0008661294782584816
2021-02-17,-0.0014075298554223736,0.00022929627602463754
2021-02-18,-0.004352340832821789,-0.004255795880864777
2021-02-19,0.0022636253088165414,-0.0017658578388373147
2021-02-22,-0.004924114157517856,-0.007691838310357357
2021-02-23,-0.00074142878250818,0.001214267987657447
2021-02-24,0.018267483268674646,0.011019297962730601
2021-02-25,-0.023750181415122983,-0.024095629435185617
2021-02-26,-0.007765507159373841,-0.00515282754734514
2021-03-01,0.02090824389785042,0.02424057255046619
2021-03-02,-0.005978072284604929,-0.007803297167580214
2021-03-03,-0.007833037085606065,-0.013245818288398659
2021-03-04,-0.012013284798661372,-0.012374735263586456
2021-03-05,0.009946145581080612,0.018396463512524663
2021-03-08,-0.013367305541319296,-0.004978905066432837
2021-03-09,0.01553878627182439,0.014277620815047243
2021-03-10,0.00972923912978747,0.0062248530128969914
2021-03-11,0.00998712563247578,0.010139027180819049
2021-03-12,0.0009239340413159547,0.001346903496434626
2021-03-15,0.00675535448495147,0.005963276307175969
2021-03-16,0.0029798897862903574,-0.001261120185663378
2021-03-17,-0.002770434267479127,0.003409655272003098
2021-03-18,-0.012439721676557502,-0.014549584419598971
2021-03-19,-0.004513216979489765,-0.0018502707578507138
2021-03-22,0.006792387429226077,0.007984939521507695
2021-03-23,-0.009885323502886489,-0.007870749522268627
2021-03-24,-0.006512156274100234,-0.005083489422301968
2021-03-25,0.0021047189280975374,0.005625485562591459
2021-03-26,0.01033779300387434,0.016114889384062803
2021-03-29,-0.0007720207047201999,-0.0005049151038764021
2021-03-30,-0.0005223061291417363,-0.002653154733648466
2021-03-31,0.004551368572302483,0.004053353915070446
2021-04-01,0.010883498699192362,0.01079930220172498
2021-04-05,0.005915352789449468,0.014353083555407098
2021-04-06,-0.0024700538862523214,-0.0005906783779550118
2021-04-07,0.008329060439168357,0.0011573550739620853
2021-04-08,0.006542648983709631,0.004746862781607852
2021-04-09,0.00976182596228733,0.007270055840139511
2021-04-12,0.0037896156448642302,0.00036471050656894377
2021-04-13,-0.0008553096626150558,0.0029635320062646464
2021-04-14,-0.004520298207367157,-0.0034150666876234803
2021-04-15,0.014620794221026846,0.010742335392020852
2021-04-16,-0.0007578692453671821,0.00334242172010768
2021-04-19,-0.002478253804042663,-0.004913102355424637
2021-04-20,-0.013084307004376428,-0.007321483123452932
2021-04-21,0.011305357698548301,0.00946223118238021
2021-04-22,-0.012890846748561424,-0.009133308323623579
2021-04-23,0.019398140922549323,0.010842549427696024
2021-04-26,0.004137255659728822,0.0020876219448848765
2021-04-27,0.001918723084913343,-0.00021563509346911314
2021-04-28,0.004270220119424295,-0.0002872102609974281
2021-04-29,0.016970524058475888,0.006372498175064578
2021-04-30,-0.011326715276196686,-0.006570326458890663
2021-05-03,0.006013820514145907,0.002156778411200211
2021-05-04,-0.004511650505363229,-0.006169432579716916
2021-05-05,0.006764018109889603,0.0003129730267723563
2021-05-06,0.009149299587286563,0.007985506361361638
2021-05-07,0.008162170643691647,0.007277981563964531
2021-05-10,-0.011406507082702577,-0.009902253121362392
2021-05-11,-0.011181129795766387,-0.008924824360219685
2021-05-12,-0.016535846271754594,-0.021245275323928503
2021-05-13,0.011230256192597654,0.012012679777743562
2021-05-14,0.016889470659853766,0.015355209882992993
2021-05-17,0.0007101787540510385,-0.0025445262683648773
2021-05-18,-0.006799609816960317,-0.008615630539140606
2021-05-19,-0.004789884479620821,-0.0026218095625851756
2021-05-20,0.009899664604747404,0.010757921593692599
2021-05-21,0.006346050784169721,-0.0008185975544988677
2021-05-24,0.012394973395591691,0.010194235230769122
2021-05-25,-0.0047150774697889974,-0.0022188710284429813
2021-05-26,0.0006633359201756006,0.001984589063971365
2021-05-27,-0.0025854845506176004,0.000525046364541204
2021-05-28,0.006300295193219374,0.0017886160108251392
2021-06-01,0.0033323191275234977,-0.0008807317183214813
2021-06-02,0.0038902746954907696,0.0015726534109816726
2021-06-03,0.0018077696657103238,-0.003711337064700282
2021-06-04,0.009887897099825061,0.00914581479256893
2021-06-07,-0.0007769872435871905,-0.0009701884321189347
2021-06-08,-0.005234631931229738,0.00021314103481917535
2021-06-09,-0.002789381467307439,-0.001491824061326974
2021-06-10,-0.0018059654043027563,0.004648224928738065
2021-06-11,0.0016626719274908663,0.0016524381735663063
2021-06-14,-0.000831188423085305,0.0022391205478062837
2021-06-15,-0.004862691529723529,-0.0018341942772247544
2021-06-16,-0.0016487781277375936,-0.005583357907836484
2021-06-17,-0.004248195925814035,-0.0003316929818796277
2021-06-18,-0.020951787511906173,-0.01349040690435277
2021-06-21,0.014590923795915233,0.014316013516096238
2021-06-22,0.006190401073117235,0.005346119963573592
2021-06-23,0.0020801494144195853,-0.001205245782621156
2021-06-24,0.009699641018630523,0.005915666779671147
2021-06-25,0.004449103023165224,0.003552077264958653
2021-06-28,0.008863599240560172,0.002016030526891699
2021-06-29,0.001783446431355451,0.0005380400895484971
2021-06-30,0.004130412625673452,0.0008417299461684902
2021-07-01,0.00794481127264086,0.005536639618635153
2021-07-02,0.005726829598277449,0.007643287233956464
2021-07-06,-0.004212311429636806,-0.0018214627133283923
2021-07-07,-0.0017338243901031225,0.0035342496709938054
2021-07-08,-0.013778463987369982,-0.008148099672542264
2021-07-09,0.014949134920525431,0.010674801288183211
2021-07-12,0.011485645547280121,0.0035819541002868327
2021-07-13,-0.003419177289478026,-0.003408892179711187
2021-07-14,-0.004966110494204301,0.0014920663878326135
2021-07-15,-0.0039042006813041928,-0.0034154563866175547
2021-07-16,-0.011483163714318411,-0.007843614930825638
2021-07-19,-0.016245112835102327,-0.0147680014629753
2021-07-20,0.013262685154403087,0.014330445780912804
2021-07-21,0.014766475315897375,0.008096318690928861
2021-07-22,0.0023270831229727507,0.002094012465894579
2021-07-23,0.01169436725805345,0.010288057995272437
2021-07-26,0.0019161380941726148,0.0024548603584877426
2021-07-27,-0.0026074453788557882,-0.00455755710331196
2021-07-28,0.0072881480617907335,-0.0004100224714866929
2021-07-29,-0.0003794870017379437,0.004147549298208153
2021-07-30,-0.007197129038905093,-0.004856650431515397
2021-08-02,0.0018563321582847347,-0.0020979032405167297
2021-08-03,0.008046656552158249,0.008135292337112299
2021-08-04,0.0013269840318130722,-0.004918845109385783
2021-08-05,0.006934039682360282,0.00633274643759818
2021-08-06,0.004764570237806087,0.0016525871880552767
2021-08-09,0.0014975598634285325,-0.0008134484251470786
2021-08-10,0.004567365900095566,0.0012438538401760013
2021-08-11,-0.0044344883610009985,0.002484911461050787
2021-08-12,0.006747675546354559,0.0029969444185955485
2021-08-13,0.005342279346074952,0.001819924696252917
2021-08-16,0.005215783973703781,0.00235445396197842
2021-08-17,-0.004818727607341344,-0.0065551557658286574
2021-08-18,-0.014808389795084819,-0.010944907271753124
2021-08-19,0.005018862327720919,0.0015481680715641044
2021-08-20,0.01288899502074975,0.007957220306138435
2021-08-23,0.015187848974040375,0.00879646075945062
2021-08-24,-0.0008509181032957391,0.00158748247386864
2021-08-25,0.0009668613669604586,0.002098311971923339
2021-08-26,-0.00597440249758735,-0.005903337616644744
2021-08-27,0.010648467837823772,0.008941015845593814
2021-08-30,0.003990140878685688,0.004397726387465051
2021-08-31,-0.005580679887550089,-0.00148167149886691
2021-09-01,-0.004719695556071335,0.0005315506312795204
2021-09-02,0.0011484605840892503,0.0030765260535889905
2021-09-03,0.001728162743998418,-0.00024268523559656252
2021-09-07,-0.0023027176791215022,-0.0035757499388826552
2021-09-08,-0.006261045541828214,-0.0012180041266707242
2021-09-09,-0.008738086658900213,-0.004280275140630563
2021-09-10,-0.009143989861540424,-0.007884445799131945
2021-09-13,0.0017232555586499053,0.0025589333710018813
2021-09-14,-0.0025334630400347,-0.005396296519401544
2021-09-15,0.005864572529892998,0.008352723129547934
2021-09-16,-0.0032476724335228748,-0.001585430242923569
2021-09-17,-0.011749529542936432,-0.009740937925609816
2021-09-20,-0.017817467372376227,-0.016674298502399987
2021-09-21,0.0016871351394560975,-0.0009446634406496957
2021-09-22,0.003840765772119048,0.0097549555816705
2021-09-23,0.008431776310233775,0.012150055866501752
2021-09-24,-0.0006913987240951159,0.0016471589986772894
2021-09-27,-0.0044312638177774755,-0.0028610042365475596
2021-09-28,-0.02381939320928551,-0.02015181944310085
2021-09-29,0.0010906002906134193,0.0016830858480070265
2021-09-30,-0.009082235858736331,-0.012222183199364522
2021-10-01,0.01258641657940357,0.011884265469149558
2021-10-04,-0.020823978736001815,-0.012896228200888649
2021-10-05,0.015666139219544063,0.0104049652274123
2021-10-06,0.003568987749291763,0.004156170737086073
2021-10-07,0.010251664480578038,0.008645574874855733
2021-10-08,0.0017977674701949108,-0.001823691740590272
2021-10-11,-0.014213899644014604,-0.007239586847386903
2021-10-12,-0.005342692436330787,-0.002461787145592087
2021-10-13,-0.0012180862159095085,0.003597690272962195
2021-10-14,0.01929489321641418,0.016820717888166303
2021-10-15,0.010748283114306034,0.007615822763729296
2021-10-18,0.0039269473416403185,0.002960410273735503
2021-10-19,0.006262328126632288,0.007714899501295891
2021-10-20,0.0018126069405510093,0.003927549077974435
2021-10-21,0.0034403661182412114,0.0026084813136337814
2021-10-22,-0.00039903474574179974,-0.0010362118761990669
2021-10-25,0.0034389395514225927,0.005362825386199033
2021-10-26,0.008747894300611259,0.0008999160515434923
2021-10-27,-0.011992123113249853,-0.0044302447382166266
2021-10-28,0.005654848847152838,0.009648908571765702
2021-10-29,0.013637719185837106,0.0020292193993600716
2021-11-01,-0.0028237202142079253,0.0017199438556487756
2021-11-02,0.00911974522773622,0.004043336391516439
2021-11-03,0.001272992805405182,0.006105136203069739
2021-11-04,0.006970422173439283,0.004712507624930806
2021-11-05,-0.010807875872867889,0.003469740639616248
2021-11-08,0.008081306351312434,0.0008535746965510072
2021-11-09,-0.0030138292199033967,-0.0033053262593923938
2021-11-10,-0.0116185884940333,-0.00804476210407834
2021-11-11,0.005484980367310233,0.0003235767350218133
2021-11-12,0.004998548734844166,0.007546818224168472
2021-11-15,-0.0032383362233407097,0.0003423783372333844
2021-11-16,0.0015326139081270674,0.00395767240745859
2021-11-17,-0.011014603679541445,-0.002429205084402697
2021-11-18,0.012290334426142746,0.003396547531034688
2021-11-19,-0.004270437357850954,-0.0017882800788708852
2021-11-22,0.0038811488420606,-0.0028152777734504753
2021-11-23,0.012364052983014151,0.001326142723645729
2021-11-24,0.0006043440975847192,0.0026697826959278803
2021-11-26,-0.030498991467742764,-0.02230303211363327
2021-11-29,0.007698952934439984,0.012266504868378103
2021-11-30,-0.012784433489748693,-0.019457572672682888
2021-12-01,-0.00948199970758099,-0.011107319973707175
2021-12-02,0.009186921157635896,0.015316358986635414
2021-12-03,-0.01053003923580904,-0.008701290082867241
2021-12-06,0.006099114824341623,0.011843435390288537
2021-12-07,0.027375336784338188,0.02068492545830014
2021-12-08,0.0005863063238660149,0.002647777940771423
2021-12-09,-0.003495888263183744,-0.006751417314325159
2021-12-10,0.003844004877784979,0.009413371869330334
2021-12-13,-0.010228652212763967,-0.008858424582462665
2021-12-14,-3.771652509474421e-05,-0.006879827963944263
2021-12-15,0.025843655802043543,0.015624891622255888
2021-12-16,-0.007924199071509897,-0.008818496180569402
2021-12-17,-0.01888967391135493,-0.010643034996230538
2021-12-20,-0.00911894830374541,-0.01063322465900185
2021-12-21,0.017687428269818384,0.017759115922162394
2021-12-22,0.009096638978263506,0.009998416221137063
2021-12-23,0.004345296785050001,0.006222114254405664
2021-12-27,0.01696382471342652,0.014152121106465243
2021-12-28,-0.005479485086895985,-0.0008171326864868655
2021-12-29,-0.0037495569608081204,0.0012792428282657475
2021-12-30,-0.001838683078144765,-0.002764436562271877
2021-12-31,-0.005926504374363184,-0.0025204490092470833
2022-01-03,0.006711164611962905,0.005790062028205423
2022-01-04,-0.0049087103174689,-0.00033487472773230387
2022-01-05,-0.017981242513071115,-0.019202167544802085
2022-01-06,-0.003650208899634089,-0.0009394050259861064
2022-01-07,-0.00016730879550940213,-0.003953414350731599
2022-01-10,0.004393718219726228,-0.0012444883844395793
2022-01-11,0.005891715817721155,0.009108246742420834
2022-01-12,0.0033413220169691616,0.002703595931342173
2022-01-13,-0.02020065433381386,-0.013778716763465537
2022-01-14,-0.0031589969192451716,0.00040914244996037574
2022-01-18,-0.02125594688951953,-0.017709701732181893
2022-01-19,-0.00909173287185847,-0.010383484279459121
2022-01-20,-0.010295004437703027,-0.011068044804395272
2022-01-21,-0.015861146475464293,-0.019630624797153384
2022-01-24,-0.004091675298957797,0.0042466709088566645
2022-01-25,-0.0038451151277970495,-0.012208796067166072
2022-01-26,0.01113992430715206,-0.0025089152305338702
2022-01-27,-0.0017737675775533978,-0.0049380386330309944
2022-01-28,0.023914797487296458,0.024835524588417535
2022-01-31,0.01203421488051427,0.018010919000237546
2022-02-01,0.006365394727461393,0.006756989474003605
2022-02-02,0.008704721096439971,0.009714278245617658
2022-02-03,-0.01480629573258111,-0.02350502165821322
2022-02-04,0.009337166727242819,0.0047021154485134
2022-02-07,0.0011827490971967336,-0.003209378300294108
2022-02-08,0.007781113644322779,0.008228007136398041
2022-02-09,0.01058019002570999,0.014636043427974199
2022-02-10,-0.014713287065507142,-0.0179656942652362
2022-02-11,-0.019137181937253712,-0.01971878748432232
2022-02-14,-0.003527298979391824,-0.0032691252456893416
2022-02-15,0.02039077522473488,0.016126739614227725
2022-02-16,-0.0013512297785765793,0.0011209893249299885
2022-02-17,-0.02666995046125592,-0.021361438191191184
2022-02-18,-0.007993230065648272,-0.006475197530866894
2022-02-22,-0.007160559431550306,-0.010731682168531709
2022-02-23,-0.015498353827985067,-0.017738490950653274
2022-02-24,0.00030370666548996673,0.015049112193080028
2022-02-25,0.02743160353916472,0.02206379421637661
2022-02-28,-0.00936002258220121,-0.002558402092067702
2022-03-01,-0.013576648491434428,-0.015230193302538053
2022-03-02,0.014734484901474687,0.018396074308379085
2022-03-03,-0.0010928293444504966,-0.00497849336375733
2022-03-04,-0.0065828988839652935,-0.008124478317226735
2022-03-07,-0.024496442582519994,-0.029479280276008435
2022-03-08,-0.00895743833114424,-0.00758160539956354
2022-03-09,0.03154074622975041,0.026810655776500658
2022-03-10,-0.00360794321133765,-0.004515560970215549
2022-03-11,-0.007078992826537578,-0.012715049409947055
2022-03-14,0.0048195394221154705,-0.0073081365784265495
2022-03-15,0.021202021073283672,0.021990393700335398
2022-03-16,0.014453237341642689,0.02217414437014309
2022-03-17,0.010865740923244393,0.012510867464058384
2022-03-18,0.007726305236914388,0.01095274209116548
2022-03-21,8.299577366999156e-05,-0.000292234506438227
2022-03-22,0.007495611659109158,0.01170128821794636
2022-03-23,-0.008864934617371834,-0.012878371612247919
2022-03-24,0.012712271424814282,0.01507434674500141
2022-03-25,0.005402300793046333,0.004883607602698348
2022-03-28,0.005053166721916791,0.007113025319759769
2022-03-29,0.006275845004788639,0.012370842608293797
2022-03-30,3.808132791939256e-05,-0.006174750253467365
2022-03-31,-0.01678283728705645,-0.015391327090923612
2022-04-01,-0.0016158107758588503,0.0028341442908630388
2022-04-04,0.005305373173703587,0.008566627102680746
2022-04-05,-0.00916565314921296,-0.012631611497867956
2022-04-06,-0.004428750615871402,-0.009999135521424618
2022-04-07,0.00509462270929798,0.00503883292352425
2022-04-08,0.001742511285074988,-0.002673832338991322
2022-04-11,-0.0191479221078772,-0.017092128232069848
2022-04-12,-0.007932987414727644,-0.0037054954390208783
2022-04-13,-0.0021269368131057844,0.01145355778304702
2022-04-14,-0.012416854869000415,-0.012451683887276577
2022-04-18,0.0048308713004959645,0.0004112039598160866
2022-04-19,0.010821202971155098,0.016142583617481554
2022-04-20,-0.007645208939813086,-0.000741472056822623
2022-04-21,-0.01932442445617758,-0.014953575746605496
2022-04-22,-0.027170687782617553,-0.02743900822961165
2022-04-25,0.00963714176158964,0.00579738624826609
2022-04-26,-0.02298263377462282,-0.028960740789019557
2022-04-27,-0.006283040752863789,0.0028118416830591464
2022-04-28,0.037841023044329736,0.025259421514041147
2022-04-29,-0.03635983268140195,-0.03695561614127907
2022-05-02,-0.0004009979917366069,0.006019448786662274
2022-05-03,0.007853915198879147,0.0045839597279455635
2022-05-04,0.024501649509294142,0.03045294589022518
2022-05-05,-0.025788107303183937,-0.03554271371099249
2022-05-06,0.0008819072100265446,-0.005969037691990753
2022-05-09,-0.020987087003786785,-0.03201717275240723
2022-05-10,0.0007794321483882372,0.00231041683321509
2022-05-11,-0.0064688773990184915,-0.01588617884339294
2022-05-12,-0.0018339803600629478,-0.0010438329361479592
2022-05-13,0.010099270991431274,0.023907971751550905
2022-05-16,0.0016262812644537328,-0.004057694663614497
2022-05-17,0.018701425482766532,0.020570394952679427
2022-05-18,-0.02585439457996097,-0.0403117230559209
2022-05-19,-0.00478089657839883,-0.006124473235716188
2022-05-20,0.006069864169265094,0.0004365618929165205
2022-05-23,0.022940219786324868,0.018709837195065582
2022-05-24,-0.0013744570978512672,-0.0076335604957434855
2022-05-25,0.002534012305013955,0.008834945860104249
2022-05-26,0.011900054550151229,0.019981333365796994
2022-05-27,0.012529116693929055,0.024549142007387337
2022-05-31,-0.008660686504354753,-0.0056109058482745056
2022-06-01,-0.010377019054335778,-0.00808861218905732
2022-06-02,0.013889089945703292,0.019043474433521945
2022-06-03,-0.013638205245615797,-0.016411481183290055
2022-06-06,0.00466753261357622,0.003044740856095407
2022-06-07,0.010075029140946356,0.009592297591791255
2022-06-08,-0.0052700698742606964,-0.010872342673502788
2022-06-09,-0.0278175955652732,-0.02378270964673712
2022-06-10,-0.02705178447564327,-0.028995751889252075
2022-06-13,-0.03452407847958082,-0.037968276262166034
2022-06-14,-0.005445240298049358,-0.0030131211294301963
2022-06-15,0.014204102916479089,0.014256294481372667
2022-06-16,-0.02048193885416193,-0.03309623607463963
2022-06-17,-5.288357706551006e-05,0.0021557940053462676
2022-06-21,0.027604756091353135,0.02517385933582994
2022-06-22,0.007604664556185803,-0.0018130648544180117
2022-06-23,0.01589993698330966,0.009802689671409626
2022-06-24,0.02902835531156982,0.03179362517077777
2022-06-27,0.00043102485443884396,-0.003819585875525555
2022-06-28,-0.02237328965805461,-0.020432925416896897
2022-06-29,0.007073236047977582,-0.0008144093941709896
2022-06-30,-0.008805358044622114,-0.008124136981941144
2022-07-01,0.001630743179328098,0.010576339513334476
2022-07-05,0.009028113768257073,0.001888587965899191
2022-07-06,0.0032136848341884463,0.0033772786458332593
2022-07-07,0.018063843241584554,0.014977181315121824
2022-07-08,-0.00016402656330166687,-0.0008224566747027096
2022-07-11,-0.01607347025334933,-0.011423571795341037
2022-07-12,-0.0073033264919621695,-0.00884920843523418
2022-07-13,-0.008537743191981795,-0.005251529732220095
2022-07-14,-0.01107371951578331,-0.002428349985856948
2022-07-15,0.03459875211218118,0.01910505891790759
2022-07-18,-0.0041576919959725785,-0.008256969772970413
2022-07-19,0.034474679757749004,0.02701926962049761
2022-07-20,0.007045904541213177,0.006373029671114194
2022-07-21,0.007846147388528669,0.010183340971388066
2022-07-22,-0.02176647206847503,-0.009278118660618562
2022-07-25,0.00014786249130761543,0.0012148404789367184
2022-07-26,-0.01767247297116632,-0.01183095184363181
2022-07-27,0.033419424947262036,0.025966330561570494
2022-07-28,0.0007558892341655299,0.012542513534349098
2022-07-29,0.0029921945598281098,0.014578580529981622
2022-08-01,-0.006574812786487738,-0.0029613493788991363
2022-08-02,-0.007898343296489219,-0.006597264783651746
2022-08-03,0.015591727326407323,0.015659634850895277
2022-08-04,-0.005682200329111653,-0.000675624790223206
2022-08-05,0.0037275868882138963,-0.001690358983805984
2022-08-08,-0.007445478839314057,-0.0011608373686029516
2022-08-09,0.0007386413967119365,-0.0039708880334757835
2022-08-10,0.020816564882851562,0.021003771028536677
2022-08-11,0.0004624568851697264,0.0
2022-08-12,0.015121716754757819,0.016929080397935836
2022-08-15,0.0035723761842879065,0.004120819737049253
2022-08-16,0.001963225697804061,0.001958695405081423
2022-08-17,-0.004774419964443044,-0.007097945914341097
2022-08-18,0.0006998630794879945,0.002906409635768492
2022-08-19,-0.01074603486976462,-0.013438010877507067
2022-08-22,-0.019323448297545166,-0.020822530024039887
2022-08-23,-0.006819584453515171,-0.002419300646387179
2022-08-24,4.5378141307406136e-05,0.0032011873058637175
2022-08-25,0.015322748666075681,0.014117454363668624
2022-08-26,-0.033444083610225626,-0.033848828224120275
2022-08-29,-0.009637288803558597,-0.006612296256541916
2022-08-30,-0.006585300871898081,-0.01097764728879791
2022-08-31,-0.01023798954598607,-0.007609406333572988
2022-09-01,0.013785763423577646,0.0031379421220036896
2022-09-02,-0.012707997685772143,-0.010544435074997471
2022-09-06,-0.002865265411775808,-0.0037730093644509077
2022-09-07,0.011082231566677647,0.017964831625979505
2022-09-08,0.010945822294335017,0.006536216274514173
2022-09-09,0.013099532195976293,0.015535422362227713
2022-09-12,0.009788358207935555,0.010747575976865154
2022-09-13,-0.04094367111264045,-0.04348244963861314
2022-09-14,-7.445808499142447e-05,0.0038157278959845
2022-09-15,0.002905271696961631,-0.011353297724718159
2022-09-16,-0.005537160909661798,-0.007628840080804
2022-09-19,0.00375270872593787,0.007755003725878895
2022-09-20,-0.008605922243908081,-0.01147854368893686
2022-09-21,-0.018686084330215503,-0.017443931854546624
2022-09-22,0.0017696221703374815,-0.00839963917532327
2022-09-23,-0.01603378181573404,-0.016754855288022896
2022-09-26,-0.014791269925921136,-0.009892865747389679
2022-09-27,-0.0040633580101431584,-0.002552638793315243
2022-09-28,0.017584940293659777,0.019676463138655453
2022-09-29,-0.01638297673311372,-0.02088917723861905
2022-09-30,-0.016752517778148835,-0.0154634804074536
2022-10-03,0.020072499407431044,0.02640115657997355
2022-10-04,0.027845852803825323,0.03098678781471187
2022-10-05,-0.0007362910624273856,-0.0023283082105397535
2022-10-06,-0.015215442668480817,-0.010315854891766563
2022-10-07,-0.02466791047870871,-0.027893885426273024
2022-10-10,-0.006666972154527806,-0.007635171133966834
2022-10-11,-0.002980430642853138,-0.00633287903271007
2022-10-12,-0.002744727034600991,-0.0032987660624992365
2022-10-13,0.02904800367582048,0.026391278528545392
2022-10-14,-0.017418787462412842,-0.022788795532893813
2022-10-17,0.023912498621971267,0.025696907849090067
2022-10-18,0.008794149878864677,0.011749722847706146
2022-10-19,-0.009306153173493158,-0.007086600603188331
2022-10-20,-0.0007467867768018444,-0.008385230621830164
2022-10-21,0.02968758556744453,0.024301472264603108
2022-10-24,0.01325065535439196,0.012236441617179183
2022-10-25,0.010380415792866226,0.015968651705272174
2022-10-26,0.0005905099490071785,-0.0075342684841276375
2022-10-27,0.0019513976045013482,-0.005339993123782527
2022-10-28,0.01887860080469218,0.02379072343998323
2022-10-31,-0.006390591820552916,-0.007223286757833791
2022-11-01,0.001650172297990915,-0.00437567382710613
2022-11-02,-0.011932949251310287,-0.025096440803523246
2022-11-03,-0.009936262388844153,-0.01029658473913675
2022-11-04,0.013574101851339148,0.014392933036779132
2022-11-07,0.009340226604126511,0.009565588693282168
2022-11-08,0.0052028736584250335,0.005395346018511438
2022-11-09,-0.015097271978934058,-0.020601853712246654
2022-11-10,0.0400938286777623,0.054954055579503835
2022-11-11,-0.0018772251478127889,0.009678645723695034
2022-11-14,-0.001855010059719897,-0.008506914727099524
2022-11-15,-0.0025375158817469877,0.00852907422984961
2022-11-16,-0.0010205895439045708,-0.007628729085257913
2022-11-17,0.003209038652864471,-0.0030598915318308384
2022-11-18,0.00663761188769566,0.004540368411326989
2022-11-21,-0.0032868798991613547,-0.0036360168435591866
2022-11-22,0.011013629002047698,0.013456898075540069
2022-11-23,0.004759249223568507,0.006301751880785078
2022-11-25,0.003196306392012127,-0.00022370708628549618
2022-11-28,-0.011040248374602735,-0.015957103490420677
2022-11-29,-0.0003079039357691826,-0.0017173869740305658
2022-11-30,0.024622452053136158,0.03150051142553201
2022-12-01,-0.004265641605888548,-0.0007358861992509125
2022-12-02,-0.003828343088112529,-0.001153745248464566
2022-12-05,-0.018077427740946526,-0.017989098711495122
2022-12-06,-0.02056764009633456,-0.014415050203974822
2022-12-07,-0.0013119111571517795,-0.0017010409903130963
2022-12-08,0.011865845191499403,0.007833745354593136
2022-12-09,-0.005497482286857513,-0.007470195528374912
2022-12-12,0.017652975948232008,0.014417430893505001
2022-12-13,0.009450913805355598,0.007569831743930333
2022-12-14,-0.009460680222004813,-0.006393570008052074
2022-12-15,-0.027270161590357354,-0.024461717622506374
2022-12-16,-0.010826532685519464,-0.011806230763914627
2022-12-19,-0.005667465099456958,-0.00847948871565185
2022-12-20,-0.00018514539817102716,0.0013682873480498348
2022-12-21,0.01535304034921725,0.014952461061822131
2022-12-22,-0.01595378290043805,-0.014266080093961575
2022-12-23,0.00030878878859500467,0.005751977082730564
2022-12-27,-0.010584893530721695,-0.003943190455932721
2022-12-28,-0.006462732515389003,-0.012427863313451915
2022-12-29,0.014479355403795458,0.018000331980956075
2022-12-30,-0.0004552518812866002,-0.002634042519276125
2023-01-03,0.002809100486484961,-0.004210098893247638
2023-01-04,0.010190804675952736,0.0077202600086268
2023-01-05,-0.009013619804864115,-0.011413488222970725
2023-01-06,0.02040988322491417,0.022932180513524525
2023-01-09,-0.0023791975241189587,-0.0005668237640740204
2023-01-10,0.007908781519194552,0.007012820601210112
2023-01-11,0.007956951446575655,0.012647939718667844
2023-01-12,0.005181138705168153,0.0036406434666091947
2023-01-13,0.01052332644714712,0.0038796489245718213
2023-01-17,-0.0012487720915843714,-0.0018319128127091133
2023-01-18,-0.013430984964431259,-0.01578814980011012
2023-01-19,-0.0018231839789184078,-0.007279724205585092
2023-01-20,0.016121174774693537,0.018628918236243797
2023-01-23,0.018221125111265023,0.011998543876573953
2023-01-24,-0.0036606077190358354,-0.0010730259984728097
2023-01-25,-0.002014691215057518,0.000374737520667745
2023-01-26,0.011304771915055212,0.010990223817619604
2023-01-27,0.0068362217195011895,0.002297868431302197
2023-01-30,-0.017619023889711382,-0.01254691763902338
2023-01-31,0.014040619021547162,0.014703209664236772
2023-02-01,0.010182956529672372,0.010627833483283
2023-02-02,0.02468742437854051,0.014557082678519961
2023-02-03,-0.0032918450555055267,-0.010628926595047439
2023-02-06,-0.0008243017042960487,-0.006111571145639316
2023-02-07,0.012766046473377812,0.013078638524091746
2023-02-08,-0.0038256606340477117,-0.010934690880718967
2023-02-09,-0.007052740227822552,-0.008669173695883603
2023-02-10,-0.00042523204966983253,0.0023336122428232464
2023-02-13,0.01168749052458391,0.01173888505479348
2023-02-14,0.004128760988992031,-0.0004601252540058498
2023-02-15,-0.00556271491614504,0.0032475094391470893
2023-02-16,-0.01475647716868923,-0.01376879219361915
2023-02-17,0.0022164598416531843,-0.002498346625048886
2023-02-21,-0.013567195373548235,-0.020060829000315805
2023-02-22,-0.0032202202245415145,-0.0013782049466852797
2023-02-23,0.019306449732774754,0.005319378793686713
2023-02-24,-0.005156781283508239,-0.010682339002157537
2023-02-27,-0.0008957637105741489,0.0034057834309804136
2023-02-28,-0.00651773023997001,-0.0036959713216253576
2023-03-01,-0.006282871589127969,-0.0038359706217141465
2023-03-02,0.003265946652890106,0.007777290678960824
2023-03-03,0.020695423064316522,0.01603783685939275
2023-03-06,0.003922274391130132,0.0006929304475986608
2023-03-07,-0.015725484484294082,-0.015328753882441926
2023-03-08,-0.0030708832410473396,0.0016320249690708888
2023-03-09,-0.022860337727696432,-0.01844978667740882
2023-03-10,-0.010647296141795637,-0.014429526627396938
2023-03-13,-0.009981198362270783,-0.0014252749808146836
2023-03-14,0.022300020991878756,0.016530039127505836
2023-03-15,-0.005574998324667002,-0.006254248136346008
2023-03-16,0.014611790810604975,0.017545090602354207
2023-03-17,-0.02019671563589125,-0.0116926936496905
2023-03-20,0.011285291780772611,0.009615537867396107
2023-03-21,0.014025355446600473,0.013130752829130898
2023-03-22,-0.013321783621081561,-0.01704658334159459
2023-03-23,0.0035023415590651917,0.002703419235734472
2023-03-24,0.0001664342760646087,0.006562068269062582
2023-03-27,0.00731999920781311,0.0018696826692068402
2023-03-28,-0.0056274513530175764,-0.002244599160724836
2023-03-29,0.011018207582665585,0.01453497693514838
2023-03-30,0.00226365112518776,0.005855224050304031
2023-03-31,0.01311264574458355,0.014094712654368902
2023-04-03,0.006296474271023156,0.003810373847181525
2023-04-04,-0.005898767482067824,-0.005547975328166865
2023-04-05,0.0020299513406049075,-0.002618471010965906
2023-04-06,0.006643154115084748,0.0039009444256634662
2023-04-10,-0.0007375858793719936,0.0010264340878418654
2023-04-11,-0.0030726630639874688,0.0002687329762769419
2023-04-12,-0.0016723019735907507,-0.0040761978005885435
2023-04-13,0.012525333184272004,0.013282764596962426
2023-04-14,0.007137979901980474,-0.002442650970050031
2023-04-17,0.003793844813419045,0.003588026083579443
2023-04-18,-0.0011145683667199147,0.0006522786889429089
2023-04-19,0.0017992350030438197,-0.000168743846764019
2023-04-20,-0.00584779961926789,-0.005457227127348752
2023-04-21,0.0012663420275227598,0.0007769630868232902
2023-04-24,-0.0010290516205852195,0.001043173487775384
2023-04-25,-0.012696837107903458,-0.015873929601871395
2023-04-26,0.00164281221871454,-0.004235502862000362
2023-04-27,0.01842542848190538,0.01990797310248449
2023-04-28,0.007354217368022942,0.008535226263545415
2023-05-01,0.0023266698720798007,-0.0010098772783712073
2023-05-02,-0.013147903477880873,-0.011239172628129124
2023-05-03,-0.009335697275790311,-0.0068639389787009675
2023-05-04,-0.012359353183248444,-0.007082992966750412
2023-05-05,0.02103984442498501,0.018512630235853145
2023-05-08,0.001666960493903491,0.0002664587053948786
2023-05-09,-0.005041102631124439,-0.00438537045027898
2023-05-10,0.00014263594297901915,0.004672402058715441
2023-05-11,-0.0043973787121194706,-0.0017438484635474705
2023-05-12,-0.0052860597265677375,-0.0013104404087804777
2023-05-15,0.007194998828621913,0.0034501407355076452
2023-05-16,-0.002794031913568429,-0.0066827510740492535
2023-05-17,0.014879083771277002,0.012139052856266153
2023-05-18,0.008745484291943061,0.00963318720862194
2023-05-19,-0.0047811587656541145,-0.0014549703911180822
2023-05-22,0.005280041017608006,0.0004061277795719409
2023-05-23,-0.006344914779584243,-0.011222932019955056
2023-05-24,-0.007625685395394821,-0.0072447618728150864
2023-05-25,0.03128753600935195,0.008659910531923831
2023-05-26,0.01291060016047868,0.01295065358234937
2023-05-30,-0.0021458632974743373,0.0003809905209921638
2023-05-31,-0.00787648688981708,-0.005545278414910149
2023-06-01,0.006889843996985478,0.009500988084545803
2023-06-02,0.01340042696039886,0.01446119491777531
2023-06-05,-0.0017322134872776672,-0.001916251146660275
2023-06-06,0.0014478726508550866,0.0021775841520403905
2023-06-07,-0.009607569527431515,-0.0034579525945165335
2023-06-08,0.006226120012389346,0.0060486982774849984
2023-06-09,0.002505846997529182,0.0017943066826322518
2023-06-12,0.009292295521479765,0.009071723312438884
2023-06-13,0.007941522832987657,0.006593052315072567
2023-06-14,0.0014984879670143503,0.001190779577883383
2023-06-15,0.010656118454453268,0.012397785010322737
2023-06-16,-0.0038549884973170024,-0.0034063135168381775
2023-06-20,-0.0023932343904055297,-0.00518818997653081
2023-06-21,-0.009705073572329238,-0.005123752099032042
2023-06-22,0.0035067694985654652,0.0036096601158854824
2023-06-23,-0.0064288040265946585,-0.007560043484400758
2023-06-26,-0.014780380533850368,-0.004085527014897394
2023-06-27,0.009815731372866099,0.010963183920165598
2023-06-28,-0.0017474123258043206,0.000504390910126773
2023-06-29,0.005125617075164379,0.003941359418210499
2023-06-30,0.012891358733857572,0.011800736021607694
2023-07-03,-0.0012141175465862463,0.0011506222469315208
2023-07-05,0.0038381430050003274,-0.0014872621937879194
2023-07-06,-0.006974749690778992,-0.007830629944856504
2023-07-07,-0.0060951239243809295,-0.0025247879517317218
2023-07-10,-0.002909190880925727,0.0025311786410684434
2023-07-11,0.0056400199485529216,0.006368490692355122
2023-07-12,0.010619247645904361,0.008045860541035621
2023-07-13,0.01181895931766389,0.007937012804855481
2023-07-14,0.0030195774841877076,-0.0006229019754138143
2023-07-17,0.002975485844307957,0.003472084502486039
2023-07-18,0.007396070451304515,0.0074306864524897875
2023-07-19,0.0004847727652562028,0.0022237756799066144
2023-07-20,-0.006180660587419229,-0.00663438251280557
2023-07-21,-0.002552712936907897,0.0
2023-07-24,0.0028994535887230887,0.004467181115923147
2023-07-25,0.0010455236037517856,0.0027300771358440556
2023-07-26,0.0035290331133992934,0.00015380171192336256
2023-07-27,0.0009551719501248113,-0.0066301442038676495
2023-07-28,0.01552101590671474,0.009790455402252318
2023-07-31,-0.0015296304399892602,0.0019038818015300052
2023-08-01,-0.0010155521959885673,-0.0028614042062138356
2023-08-02,-0.009668003580794416,-0.013910910068612892
2023-08-03,7.499612750120344e-05,-0.0028658763682736232
2023-08-04,-0.008559626212127436,-0.004522738748535593
2023-08-07,0.011853161978487736,0.008728550048778372
2023-08-08,-0.004596378076842156,-0.004348627991149545
2023-08-09,-0.007239667707356434,-0.00668524218178701
2023-08-10,5.522859907447497e-06,0.00035887500800968475
2023-08-11,0.0025281641545166988,-0.0005830778190296648
2023-08-14,0.00792276117851599,0.005520031818932791
2023-08-15,-0.009613598879969187,-0.011648724228140672
2023-08-16,-0.006214069493327867,-0.007338277215578115
2023-08-17,-0.008374954213709396,-0.007619840893680285
2023-08-18,-0.0014472103592575668,0.00048115054363351284
2023-08-21,0.003709515464378743,0.006506523388855712
2023-08-22,-0.006224362054596533,-0.0027087901051563446
2023-08-23,0.0113823678692763,0.011137820368366524
2023-08-24,-0.012433588754623004,-0.013859189290343799
2023-08-25,0.004665364298424279,0.0070499081688766285
2023-08-28,0.0031167658148270492,0.006341382598641143
2023-08-29,0.011858370349283031,0.014454652255354139
2023-08-30,0.0020738822379505637,0.004118838475310138
2023-08-31,-0.007499997054189522,-0.0014634535233362111
2023-09-01,0.0005520554943136524,0.001865358025543662
2023-09-05,0.0004954106745562292,-0.004322012818911203
2023-09-06,-0.010767523213593966,-0.0067224004220436395
2023-09-07,-0.0003942015410320132,-0.003070343233104955
2023-09-08,0.000499824623926104,0.0015063046677332714
2023-09-11,0.005979661913731904,0.006576554336285678
2023-09-12,-0.005123725496224862,-0.005485636277796413
2023-09-13,0.005384044202823013,0.0011660173010359376
2023-09-14,0.0067321924850946456,0.008622398905182127
2023-09-15,-0.012993976352413294,-0.012048226581362176
2023-09-18,0.006220027932708083,0.0005862741962376905
2023-09-19,-0.0019575172776434835,-0.002073680783035048
2023-09-20,-0.010444274778290496,-0.009193393017729257
2023-09-21,-0.009957370409003918,-0.01652845283652682
2023-09-22,0.00035623319598312444,-0.002248343665671615
2023-09-25,0.005310684622280825,0.004205082995655918
2023-09-26,-0.012162397734185214,-0.014691233590584996
2023-09-27,0.00024463045447017386,0.000399138381550479
2023-09-28,0.008057843421006794,0.005797279877174377
2023-09-29,-0.006828411100948661,-0.0024268055106044795
2023-10-02,0.012051170993551163,-0.00039771812906030934
2023-10-03,-0.012858750589627276,-0.013386108441205136
2023-10-04,0.009612429465997519,0.007282019969861997
2023-10-05,0.0061335180547561485,-0.00037685665664310974
2023-10-06,0.016159504684489522,0.011872901215503884
2023-10-09,0.003107221518005532,0.00640209210897047
2023-10-10,0.0013567264217558272,0.005204939437636336
2023-10-11,0.0062922802337398885,0.004096309351056426
2023-10-12,-0.001091762312034683,-0.006096450426418154
2023-10-13,-0.004052882900141696,-0.004980999353697779
2023-10-16,0.007352654619643606,0.010521530798492718
2023-10-17,-0.005286701713087727,-4.5850580251749484e-05
2023-10-18,-0.015720617261562608,-0.013325222824180138
2023-10-19,-0.006129906714805122,-0.008786268781063922
2023-10-20,-0.007443400471772821,-0.012288002787928742
2023-10-23,0.003535101240343863,-0.0017332608244706726
2023-10-24,0.005160466673907749,0.007539412967386028
2023-10-25,-0.014079659908324304,-0.01435224950284919
2023-10-26,-0.018360438467769802,-0.01197453397326409
2023-10-27,-0.005409349541322206,-0.004532843521158902
2023-10-30,0.01380817987947166,0.011955741011919763
2023-10-31,0.0028503184883264645,0.0062803186228164165
2023-11-01,0.013852275124414882,0.010664768860745077
2023-11-02,0.016355552295667708,0.0191644088315841
2023-11-03,0.015525994784916109,0.009123398564820473
2023-11-06,0.00396813674271439,0.0023003729342003787
2023-11-07,0.0032581150058957563,0.0028461036562730246
2023-11-08,0.0018550860489855991,0.0007324031918483076
2023-11-09,-0.0060656580173883866,-0.007798806517909318
2023-11-10,0.01509949804143429,0.015604895344940362
2023-11-13,-0.00013723570551626985,-0.0009531611917122929
2023-11-14,0.017914905163155935,0.019400698626564683
2023-11-15,0.0007498532201462016,0.0021170484388934874
2023-11-16,0.00704739392384277,0.0012230998035855922
2023-11-17,-0.00029624105726338,0.0012438433704204943
2023-11-20,0.006978771889569557,0.007697541084993542
2023-11-21,-0.002575755656939671,-0.0021793687579406695
2023-11-22,0.00366543830024012,0.0038608456295925464
2023-11-24,-0.0017132882850933618,0.0006152709247122523
2023-11-27,-0.002689315057894903,-0.0018009050787556324
2023-11-28,0.0013739355606485538,0.0009900922194836514
2023-11-29,-0.00023055352524588014,-0.0007033553364585998
2023-11-30,0.0019408215595341227,0.003937420684378301
2023-12-01,-0.00460400325382081,0.005915769459452935
2023-12-04,-0.006302125411956394,-0.0052493677716182185
2023-12-05,0.0008269572159506411,-0.0001970326388219812
2023-12-06,-0.006725406763877462,-0.004029759860348148
2023-12-07,0.012503214248322746,0.007630481271278855
2023-12-08,0.007956651511468038,0.00429912452317649
2023-12-11,-0.007151052194809571,0.0038893878616617084
2023-12-12,0.007337677110449447,0.004567334985013272
2023-12-13,0.0035018302585883344,0.01379024481083313
2023-12-14,0.004743757262178227,0.0032092820045395154
2023-12-15,0.0034954960201958986,-0.001646433383583057
2023-12-18,0.008160448475676419,0.005625064599949381
2023-12-19,0.00890816144950759,0.006080800419471899
2023-12-20,-0.011324671608519776,-0.013857249423357532
2023-12-21,0.011712777623911874,0.009481822600343914
2023-12-22,0.0011431504107304313,0.002009806438465267
2023-12-26,0.0037633023730080373,0.004222475606067366
2023-12-27,0.002594193493538599,0.0018079378518727207
2023-12-28,0.003325108433952617,0.0003779262385112947
2023-12-29,-0.0020223671193327687,-0.002895111970071973
2024-01-02,0.0007010714835211651,-0.005596253656281247
2024-01-03,-0.0056286691950211635,-0.008166726287654136
2024-01-04,-0.003150049808181754,-0.0032210259670719665
2024-01-05,0.004746624604102712,0.001369571515167145
2024-01-08,0.00870218537242302,0.014276025907794754
2024-01-09,-0.004229118143160127,-0.001517061674658704
2024-01-10,0.004514133855125613,0.0056553578038645025
2024-01-11,-0.005247792110819727,-0.00044059347730840415
2024-01-12,-0.00264066457757457,0.0006927133832712595
2024-01-16,-0.010678047384817424,-0.003671214241216858
2024-01-17,-0.004881644486552828,-0.005558738710163436
2024-01-18,0.0053643570895034465,0.008892799666647022
2024-01-19,0.011330919843209141,0.01246623166803218
2024-01-22,0.004298865729617474,0.002114413632085421
2024-01-23,0.003651081504407494,0.0029163783021921574
2024-01-24,0.004461403255176688,0.0010931698517426813
2024-01-25,0.00032923944872474963,0.0054388848677418
2024-01-26,-0.000566635678278704,-0.0012703468494742465
2024-01-29,0.0053978874619776355,0.007919223839633949
2024-01-30,0.0015849374577447729,-0.0007733556633717775
2024-01-31,-0.017272503199241007,-0.016317236393248225
2024-02-01,0.010913612614011248,0.013088120238723633
2024-02-02,0.029746365991257528,0.010527423021632343
2024-02-05,-0.003458711526403224,-0.0036412905411127294
2024-02-06,0.0007626512014807574,0.0029032424410841973
2024-02-07,0.011468645137670508,0.00834064771421561
2024-02-08,-0.004009937733499858,0.0004415596107048003
2024-02-09,0.0036914643854000784,0.005779398562223204
2024-02-12,0.0033411015614774886,-0.00043895368606916563
2024-02-13,-0.014057516288375593,-0.013773212529669454
2024-02-14,0.009718858779486316,0.009087862709756145
2024-02-15,0.011882761386828967,0.006899736798277489
2024-02-16,-0.0019470363940146894,-0.004979981941740763
2024-02-20,-0.00883140172253144,-0.005505422023659223
2024-02-21,-0.0019745116174804457,0.0009058905293377606
2024-02-22,0.028913002846975566,0.020695473404413356
2024-02-23,0.0028460806098329905,0.0006894922651621282
2024-02-26,-0.0031648880077068896,-0.003662368114860315
2024-02-27,0.0024800405061949694,0.0018576223994990482
2024-02-28,-0.00036154559161929447,-0.0013215851128339784
2024-02-29,0.0020876594347750245,0.003594897387572127
2024-03-01,0.006172609774072457,0.00938840021336973
2024-03-04,-0.006399618799400442,-0.0010724558247864335
2024-03-05,-0.004208270273642112,-0.00999415698145234
2024-03-06,0.010294520676835072,0.005067277962444772
2024-03-07,0.005466615888575133,0.009926473256912427
2024-03-08,-0.005491312078977073,-0.006002256617515078
2024-03-11,0.0014777720862017563,-0.0008598592433949337
2024-03-12,0.012721105156349754,0.010757490470053366
2024-03-13,-0.0013786779856971964,-0.001567566839426271
2024-03-14,-0.005900321734562297,-0.0019767863884397885
2024-03-15,-0.003507699814455989,-0.006866660289026494
2024-03-18,0.003939853776890034,0.005943151203128272
2024-03-19,0.007029188382075091,0.005557011313033655
2024-03-20,0.008323481670024247,0.009249519163450515
2024-03-21,0.0035030380600760136,0.003304708105438925
2024-03-22,-0.0020217853127167283,-0.0018959102131979044
2024-03-25,-0.0028379589219857506,-0.0027629312945527396
2024-03-26,-0.0016537693139998422,-0.0018467968716499028
2024-03-27,0.009281264507249675,0.008403780083222623
2024-03-28,-0.00027638614234941626,-0.00019126510604461355
2024-04-01,-0.0030425910576236115,-0.0017395844265001292
2024-04-02,-0.00330583975582196,-0.006358141203369971
2024-04-03,-0.0002876423523182625,0.0010983032302611662
2024-04-04,-0.016707176046258952,-0.012205903001441643
2024-04-05,0.012233921198456477,0.010446820903633913
2024-04-08,-0.0007799859605420623,0.0005594447086165744
2024-04-09,-0.001233902936411846,0.0011567124152835895
2024-04-10,-0.008317905374921108,-0.010013198277421975
2024-04-11,-0.001981655051342257,0.007546988777562547
2024-04-12,-0.02036151541329695,-0.013803104158051971
2024-04-15,-0.0040748828575104205,-0.012528161637780588
2024-04-16,-0.0017607821753565234,-0.0018237488915288091
2024-04-17,0.00016637914221004913,-0.005918302223910876
2024-04-18,0.002300859434696656,-0.002057726764312262
2024-04-19,-0.007964493135664562,-0.008728310564720898
2024-04-22,0.016589802052783553,0.009209144396545632
2024-04-23,0.016418347123527622,0.011866608948703172
2024-04-24,-0.003861341700171639,-0.00047460733306348146
2024-04-25,-0.009627051282732113,-0.0037990326451341483
2024-04-26,0.005915443723414115,0.009474010854581882
2024-04-29,-0.004859228174622521,0.0035414297461646704
2024-04-30,-0.011074088011057392,-0.01584121643362113
2024-05-01,0.00014792019989573468,-0.003247088879140936
2024-05-02,0.007581774829080246,0.009353343578700324
2024-05-03,0.01241677306638853,0.012395297420226381
2024-05-06,0.012860071333221524,0.010326856423710673
2024-05-07,0.003130844129732957,0.0011035533133769704
2024-05-08,0.0002905441441736878,9.647562920434005e-05
2024-05-09,0.006990948501952632,0.00576198905336911
2024-05-10,0.0024205077778071903,0.0012882239408691376
2024-05-13,-0.0019746291052771146,0.0001341423889948956
2024-05-14,0.007026210387207454,0.004588314614428324
2024-05-15,0.0164222142399564,0.012382786642822108
2024-05-16,-0.0021385107593440257,-0.0020575449352590036
2024-05-17,0.0027750047160961856,0.0014375156097450326
2024-05-20,-0.004328969011786088,0.00115228215160057
2024-05-21,0.006933113087123311,0.0024524160284589147
2024-05-22,-0.004852535410780423,-0.002879057466076418
2024-05-23,0.0007102510796488492,-0.007304389772933906
2024-05-24,0.008823706149597233,0.0066165101077051425
2024-05-28,0.002297823283341871,0.0006989634463019367
2024-05-29,-0.005618437173740299,-0.007002571224354326
2024-05-30,-0.012122824416440248,-0.006633881698410615
2024-05-31,0.010671415698696595,0.009108017469535046
2024-06-03,0.007370733118354145,0.0008156352536050626
2024-06-04,0.0009614098282607064,0.0011177415650254208
2024-06-05,0.01563037154975159,0.01188493016412906
2024-06-06,0.0007440491009063188,-1.8475417871810507e-05
2024-06-07,0.00027239265395822,-0.0012156581825512047
2024-06-10,0.0036891764851539888,0.003089558442166629
2024-06-11,-0.006776454549815425,0.002408453385426501
2024-06-12,0.005400236120094337,0.008213079681904878
2024-06-13,0.000622696377505938,0.0020134171606567275
2024-06-14,0.004562151683027815,0.000608435925496309
2024-06-17,0.004243005702425029,0.007958879582898204
2024-06-18,0.00621882030580444,0.002540705221970363
2024-06-20,6.177088725001223e-05,-0.0027164171516705915
2024-06-21,-0.00747036076318075,-0.001340705958837951
2024-06-24,0.0028256525819641996,-0.0032508556328936233
2024-06-25,0.009029089755814923,0.0038509640844608395
2024-06-26,-0.002458733779808586,0.0012481518499345423
2024-06-27,-0.0040118384197057825,0.0015765234185698418
2024-06-28,-0.003731476208065998,-0.003935218822621267
2024-07-01,0.013274240191675602,0.0020581176325360495
2024-07-02,0.009810526615784954,0.006729739643983157
2024-07-03,0.007073215197876936,0.0044626316745368655
2024-07-05,0.006327369874117561,0.005766470326189266
2024-07-08,-0.0002703912353582916,0.0011539402339857396
2024-07-09,0.008062501274563483,0.0009725920070804417
2024-07-10,0.010121679200304334,0.009895191961947658
2024-07-11,-0.016373331730695006,-0.00862261246117102
2024-07-12,-0.0013815810033731002,0.00630754403454814
2024-07-15,0.009323517909510104,0.0027501202176014594
2024-07-16,0.005347616659686661,0.005930080913369773
2024-07-17,-0.014748462639767913,-0.01402117447015827
2024-07-18,-0.010850483361897301,-0.007684925119563979
2024-07-19,-0.007691674745618349,-0.006640604914115333
2024-07-22,0.010882488544464053,0.010309925512624218
2024-07-23,0.0017388194920748834,-0.0015685215257669194
2024-07-24,-0.03185616178697133,-0.02266248082266531
2024-07-25,-0.008206953025851515,-0.00521027699214216
2024-07-26,0.011134094447294175,0.011199594791787337
2024-07-29,-0.003438994641875981,0.000587779587347903
2024-07-30,-0.0008012690028416757,-0.005066577985250231
2024-07-31,0.014128409936792274,0.016254587441305146
2024-08-01,-0.014102316318132713,-0.014160802726079003
2024-08-02,-0.022255478539586572,-0.018618386879309612
2024-08-05,-0.034877925253931685,-0.029123758901492658
2024-08-06,0.008188238941428384,0.009219405221888355
2024-08-07,-0.003767462351800066,-0.006683758635398718
2024-08-08,0.020691279942542495,0.023117373208243253
2024-08-09,0.0019334515490580738,0.004409517803309226
2024-08-12,0.0038377007326781064,0.0005254581184506169
2024-08-13,0.017850535452216064,0.016445540515162227
2024-08-14,0.007753370591143283,0.0031548367188043436
2024-08-15,0.008050201868936912,0.01714013072027254
2024-08-16,0.0053016132837435,0.0022419794051593556
2024-08-19,0.011964790336430154,0.009561596844123166
2024-08-20,-0.006540069687593841,-0.001626113860710765
2024-08-21,0.0002635769219465955,0.0034364410660061573
2024-08-22,-0.004255272328150495,-0.007848355755962988
2024-08-23,0.014501455402925223,0.010625196212023846
2024-08-26,-0.00041299367370096763,-0.002383669320842108
2024-08-27,-0.000669563727245781,0.0013728762591089794
2024-08-28,-0.0036361744142249354,-0.005805139951481464
2024-08-29,-0.0025841168629968437,8.952221702562824e-05
2024-08-30,0.007139316075578106,0.009545986638498372
2024-09-03,-0.026148850843951788,-0.020578885636139965
2024-09-04,-0.0025848029291416163,-0.0020469895515936587
2024-09-05,-0.00181184414948663,-0.0024321523711449133
2024-09-06,-0.01941707166911305,-0.016830159831468183
2024-09-09,0.008543451435449179,0.01119643197777176
2024-09-10,-0.008260090430864541,0.004355556873497424
2024-09-11,0.007904319934779325,0.010258947550831232
2024-09-12,0.003587749554562936,0.0084233977525765
2024-09-13,0.00453293655334005,0.005222626521677709
2024-09-16,0.0034369358235001313,0.0014769019367719682
2024-09-17,-0.001170117950783589,0.00040856905497976825
2024-09-18,-0.0006690976483704536,-0.002965730407402778
2024-09-19,0.017670303185510782,0.01706426713245346
2024-09-20,-0.0019949674220315792,-0.0017285268709690271
2024-09-23,-0.004034505645816255,0.002498824661338439
2024-09-24,0.0034479009630313364,0.002861332369231473
2024-09-25,-0.002700725316721886,-0.0022055614600836604
2024-09-26,0.004227893127178672,0.003964639116043278
2024-09-27,0.0018924245271793815,-0.0014502546060429777
2024-09-30,0.005556556914658594,0.00400722886300664
2024-10-01,-0.008779847112351191,-0.0089585409225309
2024-10-02,0.0011097910201209426,0.0004223003426260252
2024-10-03,0.002286653143939721,-0.0018283947598322081
2024-10-04,0.009097185336823443,0.00908748932367165
2024-10-07,-0.008341573269313307,-0.00904056543870424
2024-10-08,0.00910255141202707,0.00945754134781529
2024-10-09,0.006553989849454711,0.006926462109488218
2024-10-10,-0.00033874487213974013,-0.001749953629888945
2024-10-11,0.006489012106394143,0.005988267395711899
2024-10-14,0.010848977134274573,0.008178235187614735
2024-10-15,-0.012705095951640632,-0.007769734145458451
2024-10-16,0.009834994457013847,0.00434639061513975
2024-10-17,-0.002157526304225921,8.599680702170431e-05
2024-10-18,0.005018915546512537,0.0038464792403316572
2024-10-21,-0.0015234898533257324,-0.0016422048779181075
2024-10-22,0.005001589673961637,-0.0005311986598890428
2024-10-23,-0.010380174593708569,-0.009137319028861723
2024-10-24,0.0023533478680245355,0.00216283441917553
2024-10-25,-0.0016707257115927798,-0.00034548257136424176
2024-10-28,0.007118053249010459,0.0030915335564385416
2024-10-29,0.0049528187636561525,0.0016183924688379925
2024-10-30,0.005521003213062281,-0.003025444597787308
2024-10-31,-0.020302731071551006,-0.019603060676553374
2024-11-01,0.0019754234615362853,0.0042204506992948865
2024-11-04,-0.00796636702409037,-0.002153906914272974
2024-11-05,0.013549155690492354,0.012091818399094123
2024-11-06,0.056925409137751556,0.024865585678215618
2024-11-07,-0.001012325178237672,0.007732166018771691
2024-11-08,0.0005028082063047834,0.004331742166261199
2024-11-11,-0.005929614133095828,0.0009528259744473466
2024-11-12,-0.0020754345482433046,-0.003106343791748234
2024-11-13,-0.0025451687323339357,0.0004857694632012244
2024-11-14,-0.0022753895408170522,-0.00643012118573405
2024-11-15,-0.007368618761461332,-0.012808710262234735
2024-11-18,0.002013612637682094,0.004097382140865635
2024-11-19,0.004168682003548707,0.0036555887377105467
2024-11-20,-0.003599837171163589,0.00033879905995104487
2024-11-21,0.005797513831331702,0.005368341023434864
2024-11-22,0.0016126004134487503,0.003099383398938116
2024-11-25,0.002107250191555543,0.003391943612276016
2024-11-26,0.004864965676409072,0.005221585436747667
2024-11-27,-1.3176510029855315e-06,-0.003030163234722827
2024-11-29,0.004195778710477216,0.006212065548366841
2024-12-02,-0.004144143541812906,0.0017924650477565418
2024-12-03,0.00040952889061515176,0.00046398840646544315
2024-12-04,-0.002141301365157222,0.006209396695646685
2024-12-05,-0.001382794993199965,-0.0016456003578503298
2024-12-06,-0.00632595415948638,0.0018956365539355424
2024-12-09,-0.004134584574201583,-0.0051497285097474865
2024-12-10,-0.007000497139430617,-0.003109119192492127
2024-12-11,-0.0015901654241002317,0.0077306645778363325
2024-12-12,-0.003911894781404001,-0.005152491366319456
2024-12-13,-0.0032421599294372603,-0.0001987246258569053
2024-12-16,-0.006429770395739709,0.004270189648533096
2024-12-17,-0.0043233287757478145,-0.004120154939941889
2024-12-18,-0.022382647171592072,-0.029803473706515593
2024-12-19,0.003040614049880974,-0.000306999319557244
2024-12-20,0.01740901554494314,0.01201099558323726
2024-12-23,0.009373789114566544,0.005988218390593936
2024-12-24,0.010520634967010944,0.011114857203426531
2024-12-26,0.0023888760570203948,6.662664262480078e-05
2024-12-27,-0.008315746991442085,-0.010526411173089278
2024-12-30,-0.007797594876551306,-0.011411712672685148
2024-12-31,-0.0011360032769664908,-0.0036380509815578943
2025-01-02,-0.000544526079321861,-0.002456938338930126
2025-01-03,0.007944882537659482,0.012503472598431431
2025-01-06,0.008762422489620525,0.0057605614826703455
2025-01-07,-0.004096089952045312,-0.011304015371139453
2025-01-08,-0.00044359792876194073,0.0014608337808474925
2025-01-10,-0.015556031658238389,-0.015267273396860626
2025-01-13,0.006290202408519708,0.001550440352794169
2025-01-14,-0.0009348926157388138,0.0013759292368293874
2025-01-15,0.021985685620663976,0.01818987238106784
2025-01-16,-0.004130145389310535,-0.001923069892256879
2025-01-17,0.004740163932485941,0.010039953635990084
2025-01-21,0.00408090443559902,0.009153480738035569
2025-01-22,-0.003080562620336602,0.005621570715055313
2025-01-23,0.010613734736070423,0.005457919374235454
2025-01-24,0.0014471991793246319,-0.002919177000467954
2025-01-27,0.009618754175090016,-0.014145367696859479
2025-01-28,0.008354718281513695,0.008592344588856049
2025-01-29,0.001405847492408696,-0.004483022040526308
2025-01-30,0.01084645996125413,0.005367181849862845
2025-01-31,0.002606240619631439,-0.005321847370101107
2025-02-03,0.0016964035880961625,-0.006729648336339378
2025-02-04,0.002980395103707345,0.006708326846265988
2025-02-05,0.0013061068610227711,0.004054500120593607
2025-02-06,0.004365363953025081,0.0034755115501270417
2025-02-07,-0.007142566441122211,-0.009153380007275391
2025-02-10,-0.0024853802179451876,0.006791089057172517
2025-02-11,0.0007025721094405357,0.0007606343957031747
2025-02-12,-0.0020680989471439704,-0.003221697468552276
2025-02-13,0.004982393116752493,0.010557672962648867
2025-02-14,0.002726676866456346,-4.905060671944739e-05
2025-02-18,-0.0018720093000402338,0.0029356653995484816
2025-02-19,0.0005646303951625908,0.0023549435384666584
2025-02-20,-0.017235759939822414,-0.004160364461746946
2025-02-21,-0.01647032919288154,-0.01710398307070682
2025-02-24,-0.003930873887985731,-0.004550273571690688
2025-02-25,-0.005558851248258756,-0.004973466997332587
2025-02-26,-0.000554053333438953,0.0005049593026351662
2025-02-27,-0.004887895727103219,-0.015961824930462498
2025-02-28,0.02110921950119815,0.015605395157422874
2025-03-03,-0.021741398627667517,-0.017519978699114036
2025-03-04,-0.0211008425388739,-0.011836788638108442
2025-03-05,0.010508876210373386,0.010747808210532117
2025-03-06,-0.02256360214644252,-0.017751102879487224
2025-03-07,0.0022808120707717315,0.00560497111560232
2025-03-10,-0.0360985015614688,-0.026635660521632576
2025-03-11,-0.002697163300642058,-0.008312958435207851
2025-03-12,0.011826944256915873,0.005306664456809607
2025-03-13,-0.014713574590225032,-0.01333052797936185
2025-03-14,0.02512691140365797,0.02065582868057092
2025-03-17,0.007389355213940241,0.007711215109664327
2025-03-18,-0.0074668908959999005,-0.01080822829822048
2025-03-19,0.010350106637919743,0.010890672539011215
2025-03-20,0.003963978826923431,-0.0028918019935593176
2025-03-21,0.002050186624411543,0.00032992028806111406
2025-03-24,0.021329428550307526,0.017908555198050014
2025-03-25,0.0016906255577213702,0.0024038818271738815
2025-03-26,-0.016183060388726956,-0.011938232984461727
2025-03-27,-0.010253023854680188,-0.002655751809027329
2025-03-28,-0.02252993217502166,-0.020138283935378976
2025-03-31,0.008650955260535442,0.006712660596285724
2025-04-01,-0.00686318082016113,0.002824469064266699
2025-04-02,0.0061781233822125635,0.006328434817011397
2025-04-03,-0.05184250360120331,-0.049280806450378245
2025-04-04,-0.0638932770941936,-0.05854295896778716
2025-04-07,0.00443983232965145,-0.0017811932094612404
2025-04-08,-0.01723096430037908,-0.015662714676747957
2025-04-09,0.09018738878233903,0.1050192812545172
2025-04-10,-0.034370933677185245,-0.04381910665097133
2025-04-11,0.022838320464939145,0.01784294298347855
2025-04-14,0.009943229415760691,0.009701320140789838
2025-04-15,0.0014523791367894833,-0.0028008096342629907
2025-04-16,-0.025956600199007585,-0.02222803272207108
2025-04-17,0.001096537646033391,0.0014268092873082061
2025-04-21,-0.02121400039896626,-0.02380270230206527
2025-04-22,0.026865948267278707,0.026017638781894004
2025-04-23,0.017312873952783935,0.015495474651656238
2025-04-24,0.020061076679843172,0.021049019601060648
2025-04-25,0.010552318001921357,0.007225264791618891
2025-04-28,0.001855069212206717,0.0003813020933944866
2025-04-29,0.004820452136152675,0.0062995652280137815
2025-04-30,0.0012682307889019361,0.00039681266878188737
2025-05-01,0.004448637831256375,0.007086803603094882
2025-05-02,0.011034771654982057,0.014844130768165265
2025-05-05,-0.0073669454945317295,-0.00573418616503818
2025-05-06,-0.01847259900833319,-0.008358430352621848
2025-05-07,-0.005206210953610268,0.00420554784974847
2025-05-08,0.004753257422723411,0.006967790512363292
2025-05-09,-0.006502765714231607,-0.0012742246627532872
2025-05-12,0.03269855706384968,0.03304740194942668
2025-05-13,-0.0054721343670259825,0.006603941016484205
2025-05-14,-0.008253649719826239,0.0012780596636838837
2025-05-15,0.010867026663302793,0.00488444746329697
2025-05-16,0.00797436631715832,0.006333868474471371
2025-05-19,0.002689685264984365,0.001093918100038005
2025-05-20,-1.6197766704206807e-05,-0.003362231831992357
2025-05-21,-0.012235759739281237,-0.01685069102724135
2025-05-22,0.003237212226764019,0.00039475299446145584
2025-05-23,-0.0051363331323886485,-0.006825992046224361
2025-05-27,0.01655347180948503,0.0207906699378142
2025-05-28,-0.008275630292402613,-0.005785310649501829
2025-05-29,0.0038548659257254593,0.003947277340796251
2025-05-30,0.0027191923020018494,-0.0011184568183596477
2025-06-02,0.00453175200386442,0.005632901726823958
2025-06-03,0.003133003046991856,0.0057025903821517065
2025-06-04,0.00265088761182809,-0.0002683402981673577
2025-06-05,-0.0006059918708646861,-0.004832872149647116
2025-06-06,0.014180753324937557,0.010269083956155445
2025-06-09,0.0009044269159289908,0.0009012827952770142
2025-06-10,0.006647604085352088,0.00566966408521985
2025-06-11,-0.0007543906588945882,-0.0028521190306726174
2025-06-12,0.0026076974270531463,0.003974431822556523
2025-06-13,-0.014680632611288292,-0.011180165505591644
2025-06-16,0.011350802565383145,0.00951419647871532
2025-06-17,-0.006995745152216848,-0.008545134970438073
2025-06-18,-0.0010360599465880638,-0.00015063576973428638
2025-06-20,-0.006521214875663284,-0.002348536060589046
2025-06-23,0.009141417605466185,0.009877480504495662
2025-06-24,0.01439415735976115,0.011047311555559824
2025-06-25,0.007361090002255677,0.0005602631319470142
2025-06-26,0.011979780596422584,0.007823779874487347
2025-06-27,0.0032285085003998294,0.0049684323619594295
2025-06-30,0.0075060796159093,0.004781205589738269
2025-07-01,0.002026265509039671,-0.0003236793082248557
2025-07-02,-0.00036928396373467896,0.0045332765158159205
2025-07-03,0.009396306775719366,0.007881385954874975
2025-07-07,-0.007620853569022978,-0.0074520170832973465
2025-07-08,-0.007709733497530802,-0.0005477162177452977
2025-07-09,0.004202203379478487,0.005996626767211355
2025-07-10,0.0037891306520725252,0.0028203102183428364
2025-07-11,-0.0038003189110349944,-0.0035154238705955576
2025-07-14,0.003171703676855686,0.0019082159291465839
2025-07-15,-0.007724102091657492,-0.004273265144196681
2025-07-16,0.005702684228092359,0.0033431911185151097
2025-07-17,0.0032628815150462674,0.006119689977517551
2025-07-18,-0.0005075201405814855,-0.0007325109099923788
2025-07-21,0.0010630598882287346,0.001896273431369222
2025-07-22,-0.0014569102046190884,0.0001431211632245688
2025-07-23,0.014463902339200984,0.008507541122114937
2025-07-24,-0.0010833618570660008,0.00033095546843742163
2025-07-25,0.003676244183760213,0.004224350050175074
2025-07-28,-0.0005800075326702015,-0.0002510035553040524
2025-07-29,-0.00978851676055903,-0.0026376486020820433
2025-07-30,0.0045646929676790736,-0.001259331011043141
2025-07-31,-9.316976356148477e-05,-0.0037512265266995692
2025-08-01,-0.021746334622387585,-0.016390369519761472
2025-08-04,0.02207935185912575,0.01519971367995021
2025-08-05,-0.003266110809403111,-0.005069869050569054
2025-08-06,0.0006126179205742987,0.007659581475386812
2025-08-07,-0.004599305863712877,-0.0008376240775045396
2025-08-08,0.013240673082284871,0.007797670813968871
2025-08-11,0.0006267221443077897,-0.001977539647394999
2025-08-12,0.019163325049817638,0.010646017662282237
2025-08-13,-0.00040809590862787013,0.0034230516829947266
2025-08-14,0.004493065463877921,9.315635788809118e-05
2025-08-15,0.004962245463256331,-0.002341289856780615
2025-08-18,0.0016388393755174314,-0.00021763143719111255
2025-08-19,-0.010200205020069297,-0.005425130066677664
2025-08-20,-0.0023662043924879473,-0.0026569874257286186
2025-08-21,-0.0014097173468214485,-0.004011918361787603
2025-08-22,0.01970367115868805,0.015356692851615561
2025-08-25,-0.001039598734869318,-0.00440087174231707
2025-08-26,0.0026490971086880364,0.004186844335539952
2025-08-27,0.002301861466639765,0.002278608906543411
2025-08-28,0.00256648015832297,0.003541362732142783
2025-08-29,-0.0014513046016393916,-0.0059636816039791984
2025-09-02,-0.007540257693961283,-0.007410295555874247
2025-09-03,0.007988580486316598,0.0054195597134076845
2025-09-04,0.011066420642761799,0.008357360441814565
2025-09-05,-0.009991549883138917,-0.002896148488535144
2025-09-08,0.002206731192879874,0.002456541908713472
2025-09-09,0.022295712305192804,0.0023119206976098816
2025-09-10,0.003842219574196626,0.0028908542790047065
2025-09-11,0.01031393990240077,0.008310264731785644
2025-09-12,0.001841426999091156,-0.0003347065098450175
2025-09-15,0.006731972697348943,0.005323952420932088
2025-09-16,-0.004464813982149274,-0.0013767927852816886
2025-09-17,0.0018775762329951151,-0.0012425285544682696
2025-09-18,0.00539684698716919,0.004672632334522309
2025-09-19,0.005891804666735246,0.004952781371340809
2025-09-22,0.00013846953038889608,0.004731100453688075
2025-09-23,-0.0024255103595024253,-0.005443566388828813
2025-09-24,-0.0037867737194260177,-0.003181633452613686
2025-09-25,-0.002212165066892069,-0.0046134974884720625
2025-09-26,0.004688910304235472,0.005729144366994232
2025-09-29,0.004134972107399204,0.0028103664411398555
2025-09-30,-0.0002206249259093518,0.0037668667591119753
2025-10-01,0.002246563124790724,0.0034074772846366397
2025-10-02,-0.0030254562656552688,0.001151803537192908
2025-10-03,0.005635336736126428,-1.4767362221612679e-05
2025-10-06,-0.0013851754458578448,0.003586228910336109
2025-10-07,-0.0022344682410798235,-0.003707492250961897
2025-10-08,-0.00013981633106867618,0.005963052412792269
2025-10-09,0.00013644044207751228,-0.0028970083792374535
2025-10-10,-0.022880774151405936,-0.02702782789908964
2025-10-13,0.016048008590230024,0.015344074693208754
2025-10-14,-0.0053012518699624535,-0.0012216548034567065
2025-10-15,0.011938346504377806,0.004439523175783
2025-10-16,-0.008698680387446988,-0.006810261153983976
2025-10-17,0.004734103248702604,0.0056763938002961645
2025-10-20,0.015310120052763453,0.010400475399621634
2025-10-21,-0.008978821739494802,-1.4904481475785936e-05
2025-10-22,-0.007729419987089337,-0.0051989069274410715
2025-10-23,0.004333353314877175,0.005929891190499692
2025-10-24,0.016413827827502104,0.008172571104630766
2025-10-27,0.013797821688266609,0.011797712023148943
2025-10-28,0.0027994850737943057,0.002655998956591077
2025-10-29,-0.0011005663289400335,0.0004803870398957244
2025-10-30,0.004655027816803647,-0.010998143937076876
2025-10-31,-0.005679940266926952,0.0032800997320787673
2025-11-03,-0.006522846640821778,0.0018767772528909266
2025-11-04,-0.006925056877580327,-0.011853539942447533
2025-11-05,0.0034611804103338085,0.003465389196996238
2025-11-06,-0.005787646495008314,-0.010729333212666003
2025-11-07,-0.0030067256402193875,0.0009845075813768034
2025-11-10,0.013849211777399405,0.015604343307994428
2025-11-11,0.012368902112677105,0.0022892399865568347
2025-11-12,0.009103741877477867,0.0005564884786124491
2025-11-13,-0.016065153928857368,-0.016594019980226582
2025-11-14,-0.008638373120673259,-0.00016376876033719068
2025-11-17,-0.0025776021964875272,-0.009316433429244597
2025-11-18,-0.004552102833087856,-0.00839755277010068
2025-11-19,0.004741840454570656,0.00386320014283692
2025-11-20,-0.010879987466495756,-0.015242245459799575
2025-11-21,0.01402305459328108,0.009961222976632822
2025-11-24,0.013929620119418607,0.014718507062180475
2025-11-25,0.011787945041473758,0.009405991442055894
2025-11-26,0.002986952048623781,0.006903483450626968
2025-11-28,0.003836548907556325,0.005458406338614941
2025-12-01,-0.007828416487683542,-0.004565505423429594
2025-12-02,0.0029389417264750416,0.001852299674079072
2025-12-03,0.007921596240706551,0.0034627677932603795
2025-12-04,0.003184138270281933,0.0007310561539983773
2025-12-05,0.002502277286272725,0.0018995368427094927
2025-12-08,-0.0013146475682803249,-0.0030042775146746914
2025-12-09,-0.006917467828746559,-0.0008630551776172002
2025-12-10,0.010064967279089686,0.006632177546088913
2025-12-11,0.005256396865669033,0.002326948130527251
2025-12-12,-0.005583096557632605,-0.01075196892753394
2025-12-15,0.0012261105974584075,-0.0015108877827512135
2025-12-16,-0.006541837267629391,-0.00273229759527871
2025-12-17,-0.0101821697005138,-0.011003620102041367
2025-12-18,0.005041327614891766,0.0075513325776148665
2025-12-19,0.012133599292164699,0.009063445479451815
2025-12-22,0.010969734479981463,0.006229892278320159
2025-12-23,0.006272948882613383,0.004570454818432879
2025-12-24,0.006537317912858287,0.0035176203055324873
2025-12-26,-0.0005313013694726587,-0.00010141503224314619
2025-12-29,-0.007369827448784072,-0.003563628207054803
2025-12-30,-0.0018295126826460063,-0.0012211007345822589
2025-12-31,-0.005242947545659715,-0.007408967373390696
2026-01-02,0.009575134076543302,0.0018330397334518356
2026-01-05,0.010765647316438842,0.006660113816063129
2026-01-06,0.007433372613676681,0.005947183373089304
2026-01-07,-0.005842670893228074,-0.0032233567922274053
2026-01-08,0.002722576572341684,-0.00010153268198576093
2026-01-09,0.0018829264885395713,0.006613342394092614
2026-01-12,-0.0014944173017248153,0.0015704538117717881
2026-01-13,-0.007626080646977462,-0.0019994751058702853
2026-01-14,-0.0034972854358948035,-0.0049152373416185835
2026-01-15,0.012812192801145362,0.0027232143965294497
2026-01-16,-0.007652380648087398,-0.0008378739908954103
2026-01-20,-0.011366101154081265,-0.020356785723545046
2026-01-21,0.008417333193050502,0.011541079202094462
2026-01-22,0.00987818341832536,0.005223230019727687
2026-01-23,-0.0045193880332490164,0.0003627802397405677
2026-01-26,0.007712797411921157,0.005078147060609828
2026-01-27,-0.012238013499039047,0.003984264729684606
2026-01-28,0.002027639004279891,-0.00010066990364987483
2026-01-29,0.005413691656149055,-0.0019843824489698125
2026-01-30,-0.002591347323770554,-0.0029825802604032114
2026-02-02,0.010414510921860997,0.004971362130935519
2026-02-03,-0.008388431081795922,-0.00845539643070059
2026-02-04,0.0020337329494060307,-0.004843921678897134
2026-02-05,-0.011149862757559326,-0.012489211256201727
2026-02-06,0.023081849176286483,0.019184711840951385
2026-02-09,0.0028166707433698313,0.004821832103010459
2026-02-10,-0.0051424731973225835,-0.002637160432080843
2026-02-11,-0.0036721622118740193,-0.00023105881441631837
2026-02-12,-0.018942407913232928,-0.0154488742279012
2026-02-13,-0.0019420282836983827,0.0007044854938154099
2026-02-17,0.003141481898374454,0.0016134664707250224
2026-02-18,0.009736443948923434,0.005037758541617032
2026-02-19,-0.007019557100210361,-0.0026374339404172664
2026-02-20,0.005765571630255806,0.007231864589122949
2026-02-23,-0.010512547006649475,-0.010211314710874664
2026-02-24,0.005486964230281133,0.00726845293039502
2026-02-25,0.011561311660502371,0.008438348943581309
2026-02-26,-0.00647293990864054,-0.005554476391621099
2026-02-27,-0.01871528359120006,-0.004801943258527341
2026-03-02,0.0025356937773246212,0.0005685787823312971
2026-03-03,-0.0037130527315138552,-0.00881433848279567
2026-03-04,0.004328710744965059,0.007055308353084655
2026-03-05,-0.015154130524743037,-0.005575546846393831
2026-03-06,-0.011617302143781705,-0.013107135070836495
2026-03-09,0.0071701129121107265,0.008760025013039074
2026-03-10,0.0028866190098653876,-0.0016071269053671289
2026-03-11,-0.0009544099880786416,-0.0012551629285171284
2026-03-12,-0.018884282059729397,-0.015184948869363502
2026-03-13,-0.009990499838832278,-0.005660109501006372
2026-03-16,0.009135524336335576,0.010176866111483163
2026-03-17,0.002381239685452885,0.00263055486997521
2026-03-18,-0.012650737336208417,-0.013953645387120184
2026-03-19,-0.002796624685646365,-0.0024643404851918405
2026-03-20,-0.006365205980502542,-0.01433577587250423
2026-03-23,0.0033248883735488622,0.01050001924493782
2026-03-24,-0.002266841541479403,-0.0033568497522664664
2026-03-25,0.00789088844073128,0.0055727589473859585
2026-03-26,-0.007332993638784679,-0.017858744158138706
2026-03-27,-0.019603308134909913,-0.017051883523327982
2026-03-30,0.005016730678979231,-0.0033434623831846144
2026-03-31,0.026084202113979195,0.02906792569891481
2026-04-01,0.00742753089780831,0.007534463782890022
2026-04-02,0.00137630523715796,0.0009004744280911581
2026-04-06,0.003807234391456005,0.004726797348638012
2026-04-07,0.004824656183810538,0.0004400741058487867
2026-04-08,0.020694230948449577,0.025469554638327674
2026-04-09,0.0017876287815414061,0.00576909117108837
2026-04-10,-0.006882421204558975,-0.0006617805145495703
2026-04-13,0.012008947188759455,0.009772397784351794
2026-04-14,0.00584526780008604,0.01218488075237012
2026-04-15,0.008353549907676238,0.007890994867038925
2026-04-16,-0.0026401068391805117,0.002457311622604319
2026-04-17,0.013169354965392576,0.012085685130224011
2026-04-20,-0.0037018752658712906,-0.001999667552905704
